PUBCHEM_RESULT_TAG,PUBCHEM_SID,PUBCHEM_CID,PUBCHEM_EXT_DATASOURCE_SMILES,PUBCHEM_ACTIVITY_OUTCOME,PUBCHEM_ACTIVITY_SCORE,PUBCHEM_ACTIVITY_URL,PUBCHEM_ASSAYDATA_COMMENT,Phenotype,Permeability,Analysis Comment
RESULT_TYPE,,,,,,,,STRING,STRING,STRING
RESULT_DESCR,,,,,,,,Indicates the type of activity observed: 0-10:  Low Permeability; 10-100: Moderate Permeability; >100: High Permeability,Observed permeability value for pH5 buffer (x 10-6 cm/sec),Annotation/notes on a particular compound's data or its analysis as described in the published paper.
1,124876702,563972,CSC1=NC2=C(C3=CC=CC=C3N2CCC4=CC=CC=C4)N=N1,Active,100,,,High,>1000,class = 0
2,124876734,766793,CCN(CC)C(=O)N1C2=CC=CC=C2C=CC3=CC=CC=C31,Active,100,,,High,>1000,class = 0
3,14742988,2021006,C1=CC=C(C=C1)CN2C(=C(C3=NC4=CC=CC=C4N=C32)S(=O)(=O)C5=CC=CS5)N,Active,100,,,High,>1000,class = 0
4,24817107,1075912,C1=CC=C2C(=C1)C=C(C(=O)O2)C3=CSC(=N3)NC4=CC(=C(C=C4)C(=O)O)O,Active,74,,,Moderate,74.15,class = 0
5,49728050,6460634,CCOC1=C(C=C(C=C1)S(=O)(=O)NCC2=CN=CC=C2)NC(=O)C3=CC=CC=C3F,Active,100,,,High,278.38,class = 0
6,92763348,434973,CC(=O)NC1CCC2=CC(=C(C(=C2C3=CC=C(C(=O)C=C13)SC)OC)OC)O,Active,21,,,Moderate,20.66,class = 0
7,92763396,426728,COC1=C(C(=C2C(=C1)CCC(C3=CC(=O)C(=CC=C32)SC)N)OC)OC,Active,55,,,Moderate,55.04,class = 0
8,124877629,667466,CN(C)CC/C=C/1\C2=CC=CC=C2SC3=C1C=C(C=C3)Cl,Active,100,,,High,530.72,class = 0
9,174006272,53276,CCOC(=O)NC1=C(N=C(C=C1)NCC2=CC=C(C=C2)F)N,Active,100,,,High,141.95,class = 0
10,124880296,3559,C1CN(CCC1(C2=CC=C(C=C2)Cl)O)CCCC(=O)C3=CC=C(C=C3)F,Active,100,,,High,396.03,class = 0
11,124880521,133633,C1CN(CCC1(C2=CC=C(C=C2)Cl)O)CC3=CNC4=CC=CC=C43,Active,100,,,High,418.75,class = 0
12,90341259,4658,COC1=CC=CC=C1N2CCN(CC2)CCN(C3=CC=CC=N3)C(=O)C4=CC=C(C=C4)I,Active,100,,,High,758.19,class = 0
13,124880630,6603915,COC1=CC=CC=C1N2CCN(CC2)CCN(C3=CC=CC=N3)C(=O)C4=CC=C(C=C4)F,Active,73,,,Moderate,73.05,class = 0
14,170466409,16363,C1CN(CCC1N2C3=CC=CC=C3NC2=O)CCCC(=O)C4=CC=C(C=C4)F,Active,98,,,Moderate,98.19,class = 0
15,384567961,4030,COC(=O)NC1=NC2=C(N1)C=C(C=C2)C(=O)C3=CC=CC=C3,Active,100,,,High,455.49,class = 0
16,124882688,180081,C[C@@]12C3=CC=CC=C3C[C@@H](N1)C4=CC=CC=C24,Active,73,,,Moderate,72.84,class = 0
17,50100539,6604471,CC(C)SC1=CC2=C(C=C1)N=C(N2)NC(=O)OC,Active,100,,,High,510.17,class = 0
18,170465786,3627,CN1CCCN(CC1)C(C2=CC=CC=C2)C3=CC=C(C=C3)Cl,Active,100,,,High,>1000,class = 0
19,384568009,10607,COC1=CC(=CC(=C1OC)OC)[C@H]2[C@@H]3[C@H](COC3=O)[C@H](C4=CC5=C(C=C24)OCO5)O,Active,100,,,High,262,class = 0
20,384568026,10219,CC[C@H]1CN2CCC3=CC(=C(C=C3[C@@H]2C[C@@H]1C[C@@H]4C5=CC(=C(C=C5CCN4)OC)OC)OC)OC,Active,22,,,Moderate,22.02,class = 0
21,363676529,3689,CC(C(C1=CC=C(C=C1)O)O)N2CCC(CC2)CC3=CC=CC=C3,Active,41,,,Moderate,40.59,class = 0
22,363676531,2396,CN(C)CCCN1C=C(C2=CC=CC=C21)C3=C(C(=O)NC3=O)C4=CNC5=CC=CC=C54,Active,39,,,Moderate,39.28,class = 0
23,384568034,108092,CCN(CC)CCOC1=CC=C(C=C1)CC2=CC=CC=C2,Active,100,,,High,236,class = 0
24,384568052,6167,CC(=O)N[C@H]1CCC2=CC(=C(C(=C2C3=CC=C(C(=O)C=C13)OC)OC)OC)OC,Inactive,5,,,Low,4.51,class = 1
25,104223766,664510,CNC1=C(N=C(O1)C2=CC=CC3=CC=CC=C32)C#N,Active,100,,,High,644.7,class = 0
26,124888972,663191,CN(C)C1=CC=C(C=C1)C2=NN3C(=NN=C3S2)C4=CC=CC=C4OC,Active,100,,,High,>1000,class = 0
27,104222051,790407,C1=CC(=CN=C1)NC(=O)C2=CC=CS2,Active,100,,,High,181.35,class = 0
28,7965064,1265525,COC1=CC(=CC(=C1OC)OC)C(=O)N2CCN(CC2)C3=C(C=CC(=C3)Cl)Cl,Active,100,,,High,>1000,class = 0
29,384568104,2159,CCN1CCCC1CNC(=O)C2=CC(=C(C=C2OC)N)S(=O)(=O)CC,Inactive,7,,,Low,6.63,class = 1
30,24271784,3237082,CC1=CC=CC=C1NC(=O)NC2=CC=CS2,Active,100,,,High,208.73,class = 0
31,24272350,15991077,COC1=CC=CC(=C1)C(=O)NC2=CC3=C(C=C2)OC(=N3)C4=CC5=CC=CC=C5C=C4,Active,100,,,High,755.8,class = 0
32,24272467,1725261,CC1=C(C2=C(O1)C=CC(=C2)N(C(=O)OC3=CC=CC=C3)S(=O)(=O)C4=CC=CC=C4)C(=O)C,Active,100,,,High,>1000,class = 0
33,24273695,15991223,CC1=CC=C(C=C1)CN2C3=CC=CC=C3C(C2=O)(CC(=O)C4=CC=C(C=C4)C)O,Active,100,,,High,626.07,class = 0
34,24273859,1205402,CC1=C(C2=C(N1C3=CC=C(C=C3)OC)C=CC(=C2)OC(=O)COC4=CC=CC=C4)C(=O)C,Active,100,,,High,>1000,class = 0
35,24274428,6407314,CC(=O)NC1=CC=C(C=C1)NC2=NN=C(C3=CC=CC=C32)C4=CC=C(C=C4)OCC#C,Active,100,,,High,265.44,class = 0
36,24274975,1017166,CCOC1=C(C=CC(=C1)CNC2=CC=C(C=C2)O)OCC3=CC=C(C=C3)Cl,Active,100,,,High,186.69,class = 0
37,24275611,15991364,CC1=CC2=C(C=C1)OC3=C(C2=O)C(N(C3=O)CCCN4CCOCC4)C5=CC(=CC=C5)O,Inactive,3,,,Low,2.62,class = 1
38,24275613,15991365,CC1=CC2=C(C=C1C)OC3=C(C2=O)C(N(C3=O)CCCN4CCOCC4)C5=CC(=C(C=C5)O)OC,Active,25,,,Moderate,25.29,class = 0
39,24275635,15991372,CC1=CC2=C(C=C1)OC3=C(C2=O)C(N(C3=O)CCCN(C)C)C4=CC=C(C=C4)O,Inactive,4,,,Low,3.9,class = 1
40,24275639,15991374,CCCCOC1=C(C=C(C=C1)C2C3=C(C(=O)N2CCCN(C)C)OC4=C(C3=O)C=C(C=C4)C)OCC,Active,100,,,High,273.18,class = 0
41,24275915,15991449,C1CCCN(CC1)C2=C(N=C(O2)C3=CC=C(C=C3)F)S(=O)(=O)C4=CC=CC=C4,Active,100,,,High,>1000,class = 0
42,24276017,4229355,CCC1=CC=C(C=C1)C2N=C(NC3=NC4=CC=CC=C4N23)N,Inactive,2,,,Low,1.54,class = 1
43,24276087,2983992,C1=CC(=C(C=C1C#N)F)C(=O)NC2=CC(=C(C=C2)Cl)C3=NC4=C(O3)C=CC(=C4)Cl,Active,100,,,High,678.9,class = 0
44,24276115,2982228,CC1=CC2=C(C=C1)N=C(O2)C3=C(C=CC(=C3)NC(=O)C4=CC5=C(C=C4)OCCO5)Cl,Active,29,,,Moderate,28.63,class = 0
45,24276118,3122421,CC1=CC=CC=C1NC(=O)CSC2=C(C(=CC(=N2)C3=CC=CC=C3)C4=CC=C(C=C4)OC)C#N,Active,100,,,High,586.84,class = 0
46,24276283,15991500,CC1=NC2=C(C(=NN2C(=C1)C3=CC=C(C=C3)OC)C)C4=CC(=C(C=C4)OC)OC,Active,100,,,High,>1000,class = 0
47,24276434,1252213,CN1C2=CN(C(=C2C(=O)N(C1=O)C)C3=CC=C(C=C3)Cl)CCC4=CC=CC=C4,Active,100,,,High,762.26,class = 0
48,24276494,5297518,CCOC(=O)C1=CC=C(C=C1)NC(=O)CSC2=NC3=C(C=C2C#N)N4CCC3CC4,Active,100,,,High,236.48,class = 0
49,24276516,4898908,C1CN2CCC1C3=C2C=C4C(=C(SC4=N3)C(=O)NC5=CC=C(C=C5)Cl)N,Active,100,,,High,139.82,class = 0
50,24276518,5297522,CCOC(=O)C1=CC=C(C=C1)NC(=O)C2=C(C3=CC4=C(C5CCN4CC5)N=C3S2)N,Active,100,,,High,720.42,class = 0
51,24267292,4368645,CC1=CC(=C(C=C1Cl)OC)NC2=C3CCCC3=NC4=CC=CC=C42,Active,100,,,High,>1000,class = 0
52,24267784,15987880,CCC1=CC(=CC=C1)NC(=O)C(CC2=CC=CC=C2)NS(=O)(=O)C3=CC=CS3,Active,100,,,High,>1000,class = 0
53,24267786,15987881,CC1=C(C=C(C=C1)NC(=O)C(CC2=CC=CC=C2)NS(=O)(=O)C3=CC=CS3)Cl,Active,100,,,High,570.44,class = 0
54,24267852,9551517,CCN1C=C(C2=CC(=C(C=C2C1=O)OC)OC)C(=O)N3CCN(CC3)C4=CC(=CC=C4)Cl,Active,100,,,High,809.63,class = 0
55,24267952,15987948,C1CN(CCN1C2=CC(=CC=C2)Cl)C(=O)CCCCN3C(=O)C4=C(C=CS4)NC3=O,Active,100,,,High,718.99,class = 0
56,24268074,4753688,CCCCCN1C2=CC=CC=C2N=C1CCCNC(=O)C3=CC=CC=C3OC,Active,100,,,High,491.28,class = 0
57,377663928,15988512,CCC1=CC(=CC=C1)NC(=O)CSC2=NC3=CC=CC=C3N=C2N4CCCCC4,Active,100,,,High,350.84,class = 0
58,24268731,15988552,CC1(CC2=C(C=C(C(=O)N2C3=C(C=CC(=C3)OC)OC)C4=NC(=CS4)C5=CC=C(C=C5)Cl)C(=O)C1)C,Active,100,,,High,331.1,class = 0
59,24268872,15988674,C1=CC=C(C=C1)C(C(=O)NC2=CC=C(C=C2)Cl)NS(=O)(=O)C3=CC=CS3,Active,100,,,High,443.46,class = 0
60,24268876,15988676,CC1=C(C=CC(=C1)Br)NC(=O)C(C2=CC=CC=C2)NS(=O)(=O)C3=CC=CS3,Active,79,,,Moderate,79.41,class = 0
61,24269929,15989508,CC1=C(C=C(C=C1)NC(=O)NCC2CCN(CC2)CC3=CC(=CC=C3)Cl)Cl,Active,100,,,High,>1000,class = 0
62,24269957,15989530,C1CN(CCC1CNC(=O)NC2=CC(=C(C=C2)F)Cl)CC3=CC(=CC=C3)Cl,Active,100,,,High,637.64,class = 0
63,24269971,15989544,CCOC1=CC(=C(C=C1)OCC)NC(=O)C(C2=CC=CC=C2)NS(=O)(=O)C3=CC=C(S3)Br,Active,100,,,High,636.72,class = 0
64,24269973,15989546,CC(=O)NC1=CC=C(C=C1)NC(=O)C(C2=CC=CC=C2)NS(=O)(=O)C3=CC=C(S3)Br,Active,16,,,Moderate,16.25,class = 0
65,24269975,15989548,CCN(C1=CC(=C(C=C1)C)C)C(=O)C(C2=CC=CC=C2)NS(=O)(=O)C3=CC=C(S3)Br,Active,100,,,High,109.62,class = 0
66,24269987,15989558,CC1=CC(=C(C=C1)C)CN2CCC(CC2)CNC(=O)NC3=C(C=C(C=C3)Br)F,Active,100,,,High,979.44,class = 0
67,24270400,2973056,COC1=C(C(=CC(=C1)C2CC(=O)NC3=CC4=C(C=C23)OCCO4)Br)OC,Active,100,,,High,>1000,class = 0
68,24270448,15989880,CC(C)OC1=CC=CC(=C1)C2CC(=O)NC3=CC4=C(C=C23)OCO4,Active,100,,,High,785.46,class = 0
69,24270611,15990000,CC1=C(C=C(C=C1)NC2=C(C(=O)C3=CC=CC=C32)C4=CC=C(C=C4)C(F)(F)F)F,Active,100,,,High,574,class = 0
70,24270631,8088003,CCN(C1=CC=CC=C1)S(=O)(=O)C2=C(N=C3N(C2=O)C(=CS3)C)C,Active,100,,,High,478.66,class = 0
71,24270768,15990148,CC1=C(C(=CC=C1)N2CCN(CC2)C3=NC4=CC=CC=C4C5=NN=C(N53)C)C,Active,100,,,High,>1000,class = 0
72,24270817,15990190,CC1=CC=C(C=C1)C(=O)NC2=C(N=C(N=C2NC3=CC=C(C=C3)C)NC4=CC=C(C=C4)C)C,Inactive,7,,,Low,6.76,class = 1
73,24270930,15990297,CCOC1=CC=C(C=C1)NC2=NC(=NC(=C2NC(=O)C3=CC=C(C=C3)C)C)NC4=CC=C(C=C4)OCC,Active,59,,,Moderate,59,class = 0
74,24270984,15990342,CCC1=NC2=C(C=CC(=C2)C(=O)NCCCOC)SC3=C1C=C(C=C3)Br,Active,100,,,High,>1000,class = 0
75,24271060,15990397,CN1C2=CC=CC=C2N=C(C1=O)C(=O)NC3=CC(=C(C(=C3)OC)OC)OC,Active,100,,,High,151.35,class = 0
76,24271069,15990405,C1COC2=C(O1)C=CC(=C2)NC(=O)CSC3=C(NC(=N3)C4=CC=C(C=C4)F)C5=CC=C(C=C5)F,Active,100,,,High,585,class = 0
77,24271228,15990550,CCC1=NC2=C(C=CC(=C2)C(=O)NC3CCCC3)SC4=C1C=C(C=C4)Cl,Active,100,,,High,639.9,class = 0
78,24271658,15990919,CCOC(=O)C1=CC=C(C=C1)N2C(C3=C(NN=C3C2=O)C4=CC=CS4)C5=C(C=C(C=C5)Cl)Cl,Active,100,,,High,315.67,class = 0
79,24271662,15990923,CCOC1=CC=C(C=C1)C2C3=C(NN=C3C(=O)N2C4=CC=C(C=C4)C(=O)OCC)C5=CC=CS5,Active,100,,,High,448.13,class = 0
80,24398403,16020134,CCN(CC1=CC=CC=C1)CC2=C(C(NC(=O)N2)C3=CC=C(C=C3)OC(C)C)C(=O)OCC,Active,100,,,High,>1000,class = 0
81,24398415,16020144,CCOC(=O)C1=CC=C(C=C1)N2C(C3=C(NN=C3C2=O)C4=CC=CO4)C5=CC=C(C=C5)C,Active,100,,,High,231.48,class = 0
82,24398802,15999416,COC1=CC(=C(C=C1)OC)NC2=C3CCCC3=NC4=CC=CC=C42,Active,100,,,High,129.3,class = 0
83,24383549,16007397,CC1=CC(=C(C=C1)OC)NC2=C3CCCC3=NC4=CC=CC=C42,Active,100,,,High,292.9,class = 0
84,24384235,16008054,CC1=CC(=C(C=C1)C)CN2C3=C(C=CC(=C3)C(=O)N4CCN(CC4)C5=CC=CC=C5F)S(=O)C6=CC=CC=C6C2=O,Active,100,,,High,932.21,class = 0
85,24385481,4917871,CCOC1=CC=C(C=C1)NC(=O)CC2C(=O)N(C(=O)N2CCC3=C(C=CS3)C)C4=CC=C(C=C4)F,Active,100,,,High,830.61,class = 0
86,24386250,2151568,COC1=CC=C(C=C1)C2=NC3=C(CC4=CC=CC=C4O3)C(=N2)SCC(=O)NC5=CC=C(C=C5)C(=O)O,Active,37,,,Moderate,36.62,class = 0
87,24386633,16010131,CCCNC(=O)C1=CC2=C(C=C1)SC3=C(C=CC(=C3C(=N2)C)C)C,Active,100,,,High,>1000,class = 0
88,24386639,16010137,CC1=C2C(=NC3=C(C=CC(=C3)C(=O)NCCC4=CC=CC=C4)SC2=C(C=C1)C)C,Active,100,,,High,466.05,class = 0
89,24387064,16010530,CN(C1=CC=C(C=C1)OC)C(=O)C2=CC3=C(S2)C4=CC=CC=C4OC3,Active,100,,,High,963.08,class = 0
90,24387423,16010865,CCC1=CC2=C(C(=CN=C2C=C1)C(=O)C3=CC(=C(C=C3)C)C)N4CCC(CC4)C(=O)N,Active,100,,,High,653.08,class = 0
91,24387738,16011163,CC1=CC=C(C=C1)C2=NC(=C(O2)C)CN3C4=C(C=C3C(=O)OC)OC=C4,Active,100,,,High,256.88,class = 0
92,24389898,1243964,CN1C2=C(C=C(C=C2)NC(=O)C3=CC(=CC=C3)Br)N=C1CN4CCCCC4,Active,100,,,High,178.44,class = 0
93,24390124,16013207,COC1=CC=C(C=C1)C2=NOC(=N2)CSC3=NN=C(N3C4=CC=C(C=C4)F)CC5=CC=CC=C5,Active,100,,,High,>1000,class = 0
94,24391630,6485805,CC1=C(C(=O)N2C(=N1)N=C(N2)NC(=O)C3=CC=C(C=C3)C(C)(C)C)Cl,Active,84,,,Moderate,83.87,class = 0
95,377659287,16014174,C1=CC=C(C=C1)CNC(=O)C2=NC(=NC=C2Cl)S(=O)(=O)CC3=CC=C(C=C3)F,Active,100,,,High,295.97,class = 0
96,24391725,16014186,C1=CC=C(C(=C1)CS(=O)(=O)C2=NC=C(C(=N2)C(=O)NC3=CC=CC=C3F)Cl)F,Active,100,,,High,505,class = 0
97,24391907,16014337,CCC1=NN=C(S1)NC(=O)C2=NC(=NC=C2Cl)S(=O)(=O)CC3=CC=C(C=C3)C,Active,100,,,High,710.55,class = 0
98,24392250,16014640,CCCCCN1C=C2C(=C1C3=CC=C(C=C3)Br)C(=O)N(C(=O)N2C)C,Active,100,,,High,945.87,class = 0
99,377679993,16014644,CCCCN1C=C2C(=C1C3=CC=C(C=C3)Br)C(=O)N(C(=O)N2C)C,Active,100,,,High,>1000,class = 0
100,24392272,16014662,CN1C2=CN(C(=C2C(=O)N(C1=O)C)C3=CC=C(C=C3)Br)CCC4=CC=CC=C4,Active,100,,,High,590.74,class = 0
101,24392503,16014853,CCS(=O)(=O)C1=NC=C(C(=N1)C(=O)NC2=C(C=CC(=C2)C)C)N(CC3=CC=C(C=C3)F)CC4=CC=CO4,Active,100,,,High,696,class = 0
102,377664250,16015040,CCOC(=O)N1CCN(CC1)CC2=NC3=C(N2C(C)C)C=CC(=C3)NC(=O)C4=CC=C(C=C4)OC,Active,100,,,High,808.19,class = 0
103,377712643,16015257,CCC1=CC=C(C=C1)OC(C)C(=O)N2CCC(CC2)C3=NC4=CC=CC=C4O3,Active,100,,,High,>1000,class = 0
104,24393159,16015431,CN(C1=CC=CC=C1)C(=O)CSC2=NC3=C(S2)C=C(C=C3)NC(=O)C4=CC=C(C=C4)F,Active,100,,,High,900.54,class = 0
105,24394075,7661054,CCOC1=CC=C(C=C1)C2=NN=C(O2)SCC(=O)NCC3=CC=CC=C3Cl,Inactive,2,,,Low,2,class = 1
106,24394152,135546828,CCC1=CC=C(C=C1)N2C3=C(C(SCC(=O)N3)C4=CC=CC=C4C)C(=N2)C,Active,100,,,High,706.67,class = 0
107,24395522,16017615,COC1=CC=CC(=C1)C(=O)NC2=NN=C(S2)S(=O)(=O)N3CCOCC3,Active,100,,,High,786.8,class = 0
108,24395988,16018041,CC(C)OC1=CC=C(C=C1)CNC(=O)C2CCN(CC2)C(=O)N3CCOC4=C3C=C(C=C4)Cl,Active,100,,,High,859.51,class = 0
109,24396173,16018226,COC1=C(C=C(C=C1)CCNC(=O)CN2C3=C(C=CC(=C3)F)N4C=CC=C4C2=O)OC,Active,100,,,High,317.04,class = 0
110,24396266,16018319,CCN(CC)CCCNC(=O)C1=CC2=C(C=C1)N3C=C(N=C3S2)C4=CC=C(C=C4)OCC,Active,100,,,High,114.22,class = 0
111,24396388,135546945,COC1=CC(=CC(=C1OC)OC)NC(=O)C2=CC(=NO2)C3=CC=CC=C3O,Active,100,,,High,>1000,class = 0
112,24396621,16018629,COC1=CC2=C(C=C1)C(=C(N2CC3=CC=C(C=C3)C=C)C(=O)O)CNC4CCCCC4,Active,100,,,High,702.5,class = 0
113,24397051,16019052,CC1=C(C=C(C=C1)N2C(=O)C3=C(C4=CC=CC=C4O3)N(C2=O)CC(=O)NC5=CC(=C(C=C5)F)Cl)C,Active,100,,,High,582.9,class = 0
114,24397142,16019143,CC1=CC=C(C=C1)C2=C(SC=C2CN3CCN(CC3)C4=CC=CC(=C4)C(F)(F)F)C,Active,35,,,Moderate,35.02,class = 0
115,24397412,8099609,CC1=CC(=C(C=C1Cl)OC)NS(=O)(=O)C2=C(N=C3N(C2=O)C=CS3)C,Active,100,,,High,801.59,class = 0
116,24397414,8099624,CC1=C(C(=O)N2C=CSC2=N1)S(=O)(=O)NC3=CC=C(C=C3)C(=O)OC,Active,100,,,High,412.73,class = 0
117,24397943,16019899,CC(C)CCN1C(=O)C2=C(C=CS2)N3C1=NN=C3CCCC(=O)NC4=CC(=C(C=C4)OC)Cl,Active,100,,,High,>1000,class = 0
118,24398886,16020541,CC1CCCN(C1)C2=C(C=C3C(=C2)N(C=C(C3=O)S(=O)(=O)C4=CC=CC(=C4)C)CC5=CC=CC=C5)F,Active,100,,,High,832,class = 0
119,24398888,16020543,CC1CCCCN1C2=C(C=C3C(=C2)N(C=C(C3=O)S(=O)(=O)C4=CC=CC(=C4)C)CC5=CC=CC=C5)F,Active,100,,,High,485.18,class = 0
120,24400515,16022130,CC1=CC(=C(C=C1)NC(=O)C2=C(C3=C(N2C)C=CC(=C3)C)N4CCCC4=O)C,Active,100,,,High,>1000,class = 0
121,24401057,16022668,CC1=CC=C(C=C1)N2C(=C3C(=NN(C(=O)C3=N2)CCCC(=O)NC(C)C4=CC=CC=C4)C)C,Active,100,,,High,561.83,class = 0
122,24401072,16022683,CC1=CC2=C(C=C1)C(=C(N2CC3=CC=C(C=C3)OC)C(=O)O)CNCC4=CC=CO4,Active,100,,,High,617.63,class = 0
123,24401074,16022685,CC1=CC2=C(C=C1)C(=C(N2CC3=CC=C(C=C3)OC)C(=O)O)CNCC4=CC(=CC=C4)OC,Active,100,,,High,931.16,class = 0
124,24401079,16022690,CC1=CC=C(C=C1)N2C(=C3C(=NN(C(=O)C3=N2)CCCC(=O)NCC4=CC=CC=C4OC)C)C,Active,100,,,High,236.54,class = 0
125,24401083,16022694,CC1=CC=C(C=C1)N2C(=C3C(=NN(C(=O)C3=N2)CCCC(=O)NCC4=CC=CC=C4F)C)C,Active,100,,,High,290.89,class = 0
126,24401085,16022696,CC1=CC=C(C=C1)N2C(=C3C(=NN(C(=O)C3=N2)CCCC(=O)NCC4=CC(=C(C=C4)OC)OC)C)C,Active,100,,,High,159.09,class = 0
127,24401087,16022698,CC1=CC=C(C=C1)N2C(=C3C(=NN(C(=O)C3=N2)CCCC(=O)NCC4=C(C(=CC=C4)OC)OC)C)C,Active,100,,,High,445.62,class = 0
128,24401089,16022700,CCOC1=CC=C(C=C1)CNC(=O)CCCN2C(=O)C3=NN(C(=C3C(=N2)C)C)C4=CC=C(C=C4)C,Active,100,,,High,581.68,class = 0
129,24401402,16023012,CC1=CC=C(C=C1)CCNC(=O)C2CCCN(C2)C3=NN=C(C4=C(N(N=C43)C5=CC=C(C=C5)OC)C)C,Active,100,,,High,467.03,class = 0
130,24401491,16023100,CC1=CC(=CC=C1)N(C)C2=NC3=CC=CC=C3C4=NN=C(N42)C,Active,100,,,High,>1000,class = 0
131,24401675,135410423,CC1=CC(=CC=C1)NC(=O)C2=C3NC(=C(C(N3N=C2)C4=CC=CC=C4Cl)C(=O)NC5=CC=CC=C5OC)C,Active,100,,,High,156,class = 0
132,24401679,135410425,CCOC1=CC=C(C=C1)C2C(=C(NC3=C(C=NN23)C(=O)NC4=CC=CC(=C4)C)C)C(=O)NC5=CC=CC=C5OC,Active,100,,,High,170,class = 0
133,24401705,135410430,CCC1=CC=C(C=C1)C2C(=C(NC3=C(C=NN23)C(=O)NC4=CC=C(C=C4)C)C)C(=O)NC5=CC=CC=C5OC,Active,100,,,High,288,class = 0
134,24401972,16023573,CC1=NOC2=NC=NC(=C12)NCC3=C(C=CC(=C3)OC)OC,Active,100,,,High,249.71,class = 0
135,24401984,16023585,CC1=NOC2=NC=NC(=C12)NCCC3=C(C=C(C=C3)OC)OC,Active,100,,,High,539.59,class = 0
136,24402305,16023905,CC1=CC=C(C=C1)N2C(=C(C=N2)C(=O)NCCC3=CNC4=C3C=C(C=C4)OC)C5CCN(CC5)C(=O)OC(C)(C)C,Active,100,,,High,689.27,class = 0
137,24402427,16024023,COC1=CC=CC(=C1)CNCC2=CC=CN2C3=NN=C(S3)N4CCN(CC4)C5=CC=CC=C5,Active,100,,,High,923.92,class = 0
138,24404058,16025620,CC1=C(C=C(C=C1)C2=CC(=NO2)C)S(=O)(=O)NCC3CCN(CC3)CC4=CC=C(C=C4)F,Active,100,,,High,485.51,class = 0
139,24404064,16025626,CC1=CC2=C(C=C1)OCCN2S(=O)(=O)C3=C(C=CC(=C3)C4=C(C(=NO4)C)C)C,Active,100,,,High,226,class = 0
140,24404134,16025693,CC1=C(N=NN1C2=CC=CC=C2C(F)(F)F)C3=NSC(=N3)NC(=O)C4=CC(=CC=C4)OC,Active,100,,,High,834.49,class = 0
141,24404274,16025831,CC1=CC(=CC=C1)CN2C(=C(C(=N2)SC)S(=O)(=O)C3=CC=CC=C3)N,Active,100,,,High,878.48,class = 0
142,24405034,16026577,CCOC1=CC=C(C=C1)N2CC(CC2=O)C3=NC(=NO3)C4=CC(=C(C(=C4)OC)OC)OC,Active,100,,,High,>1000,class = 0
143,24406458,16027973,COC1=CC=CC=C1CNS(=O)(=O)C2=CC=C(C=C2)C3=CN=C(O3)C4CC4,Active,100,,,High,>1000,class = 0
144,24406490,16028005,CC1=CC(=C(C=C1)OC)NS(=O)(=O)C2=CC=C(C=C2)C3=CN=C(O3)C4CC4,Active,100,,,High,882.8,class = 0
145,24406518,16028031,CCOC1=CC=CC=C1CNS(=O)(=O)C2=CC=C(C=C2)C3=CN=C(O3)C4CC4,Active,100,,,High,>1000,class = 0
146,24406580,7498662,CC1=CC=CC=C1C(=O)NC2=CC3=C(C=C2)N(CCC3)C(=O)C4=CC=CS4,Active,100,,,High,561.17,class = 0
147,24406584,7498666,CC(C)OC1=CC=C(C=C1)C(=O)NC2=CC3=C(C=C2)N(CCC3)C(=O)C4=CC=CS4,Active,100,,,High,800.03,class = 0
148,24406614,16028117,CC(C)(C)C1=CC=C(C=C1)C(=O)NC2=CC3=C(C=C2)N(CCC3)C(=O)C4=CC=CS4,Active,100,,,High,883.85,class = 0
149,24406691,16028187,CCN1CCN(CC1)C2=NC=C3CN(CCC3=N2)CC4=CC(=CS4)Br,Active,77,,,Moderate,77.11,class = 0
150,24406701,16028197,COC1=CC=CC(=C1)N2CCN(CC2)C3=NC=C4CN(CCC4=N3)CC5=CC=C(C=C5)Br,Active,100,,,High,938.64,class = 0
151,24406969,16028421,CCCCOC1=CC=C(C=C1)CNC(=O)C2=NN3CCCN(C(=O)C3=C2)CC4=CC=C(C=C4)C,Active,100,,,High,867.15,class = 0
152,377677992,16029337,CCN(CCN(C)C)C(=O)C1CCN(CC1)S(=O)(=O)C2=C(ON=C2C)/C=C/C3=CC=CC=C3F,Active,100,,,High,564.98,class = 0
153,24408362,16029644,CN1C2=C(CN(CC2)CC3=CC=C(C=C3)OC)C(=O)N4C1=C(C=N4)C(=O)N5CCN(CC5)C6=CC=CC=C6OC,Active,100,,,High,323.51,class = 0
154,24409243,16030494,COC1=CC=CC=C1C(=O)NC2=NN=C(S2)SCC3=CC(=O)C4=CC=CC=C4N3,Active,100,,,High,401.87,class = 0
155,24409593,16030748,CC1=CC(=CC=C1)C2=NN(C(=C2)NC(=O)C3=CC=CC=C3C)C4=CC=CC=C4,Active,100,,,High,785.73,class = 0
156,24409969,16031040,CCOC(=O)C1=C(C(=C(N1)C)CCC(=O)N2CCN(CC2)C3=C(C=CC(=C3)C)C)C,Active,100,,,High,>1000,class = 0
157,24410177,16031229,C1CN(CCN1C2=CC=CC=C2)S(=O)(=O)C3=CN=C(N=C3)N,Inactive,7,,,Low,6.73,class = 1
158,24410653,16031687,CC1=C(C=CC=C1Cl)NC(=O)CNS(=O)(=O)C2=CC=CS2,Active,100,,,High,458.11,class = 0
159,24410732,16031764,CC1CCN(CC1)S(=O)(=O)C2=CC3=C(C=C2)N(C(=O)C=C3)CC(=O)NCC4=CC=C(C=C4)Cl,Active,100,,,High,828.1,class = 0
160,24410855,7080326,CC1=C(N=C2N1C=CC=N2)C3=CC(=CC=C3)NC(=O)C4=CC(=C(C=C4)F)F,Active,100,,,High,710.11,class = 0
161,24411542,16032111,C1=CC=C(C=C1)OCC(=O)NCC(C2=CC=CS2)S(=O)(=O)C3=CC=C(C=C3)Cl,Active,100,,,High,855.37,class = 0
162,24411547,4705986,CN(C)CCCN1C(C2=C(C1=O)OC3=C(C2=O)C=C(C=C3)Cl)C4=CC(=C(C=C4)OC)OC,Inactive,8,,,Low,7.76,class = 1
163,24412196,7287095,CC1=C(SC2=NC(=NN12)C3=CC=C(C=C3)OC)CCNC(=O)C(C)(C)C,Active,100,,,High,657.26,class = 0
164,24412895,16033040,CC(C)(C)C1=CC=C(C=C1)S(=O)(=O)N2CCC(CC2)C3=CC=NC=C3,Active,100,,,High,753.95,class = 0
165,24412997,16033135,C1CCN(CC1)C2CCN(CC2)C3=C(C=C(C=C3)NC(=O)C4=CC=C(C=C4)Br)C(=O)O,Inactive,7,,,Low,7.15,class = 1
166,24413059,16033196,CCCCNC(=O)CN1CCN(CC1)C2=C(C=C(C=N2)NC(=O)C3=CC=C(C=C3)Cl)C(=O)O,Inactive,2,,,Low,1.92,class = 1
167,24413540,16033636,CC(=O)NC1=CC=C(C=C1)C(=O)NC2=CC3=C(C=C2)SC4=CC=CC=C4C(=O)N3C5CCCC5,Active,100,,,High,510.8,class = 0
168,24414107,16033831,CC1=CC(=CC=C1)CN2C3=C(C4=C(S3)CN(CC4)C(=O)C)C(=O)N(C2=O)C5=CC=CC=C5Cl,Active,100,,,High,686.93,class = 0
169,24414133,16033843,CC1=C(C=CC=C1Cl)N2C(=O)C3=C(N(C2=O)CC4=CC(=CC=C4)OC)SC5=C3CCN(C5)C(=O)C,Active,100,,,High,>1000,class = 0
170,24414158,4189771,CC1=C(C(=NN1)C)CCC2=NN3C(=N2)C4=CC=CC=C4N=C3SCC(=O)NC5=CC=C(C=C5)F,Active,100,,,High,382.67,class = 0
171,24414166,4640646,CCC(C(=O)NC1=CC=C(C=C1)F)SC2=NC3=CC=CC=C3C4=NC(=NN42)CCC5=C(NN=C5C)C,Active,100,,,High,205.02,class = 0
172,24414195,4107705,CCC1=CC=CC=C1NC2=C3C=NN(C3=NC=N2)C4=CC=C(C=C4)Cl,Active,100,,,High,100,class = 0
173,24414538,16033976,CC1=C(C=C(C=C1)N2C3=NC=NC(=C3C=N2)NCCCN4C=CN=C4)Cl,Active,100,,,High,558.87,class = 0
174,24416135,135437057,CCC1=CC=CC=C1N2C(=N)C3=C(NN=C3N=C2SCC(=O)NC4=CC=C(C=C4)C)C,Active,100,,,High,>1000,class = 0
175,24416313,16034384,COC1=CC(=CC(=C1)NC(=O)CN2C3=C(C=C(C=C3)S(=O)(=O)N4CCCCCC4)OC2=O)OC,Active,100,,,High,372,class = 0
176,24416441,16034426,CCOC1=CC=C(C=C1)C2C3=C(C(=O)N2CCCN(C)C)OC4=C(C3=O)C=C(C=C4)C,Active,30,,,Moderate,29.58,class = 0
177,24416554,3136596,CC1=CC=C(C=C1)NC(=O)CN(C2=CC=C(C=C2)C)S(=O)(=O)C3=CC(=C(C=C3)OC)OC,Active,100,,,High,662.98,class = 0
178,24417129,5300038,C1CN2CCC1C3=C2C=C4C(=C(SC4=N3)C(=O)NC5=CC=CC(=C5)C#N)N,Active,100,,,High,285.4,class = 0
179,24417337,16034817,CC1=CC2=C(C=C1)OC3=C(C2=O)C(N(C3=O)CCCN4CCOCC4)C5=CC(=C(C=C5)OC)OC,Active,19,,,Moderate,19.21,class = 0
180,24417443,7312224,CCCC1=C(C2=C(O1)C=CC(=C2)NS(=O)(=O)C3=CC=C(C=C3)OC)C(=O)OCC,Inactive,2,,,Low,1.84,class = 1
181,363676592,392622,CC(C)C1=NC(=CS1)CN(C)C(=O)N[C@@H](C(C)C)C(=O)N[C@@H](CC2=CC=CC=C2)C[C@@H]([C@H](CC3=CC=CC=C3)NC(=O)OCC4=CN=CS4)O,Active,100,,,High,843.83,class = 0
182,29215515,123767,C1CCC(C(=O)C1)(C2=CC=CC=C2Cl)N,Active,11,,,Moderate,11.11,class = 0
183,29215522,9872740,C[C@H](CNC(C)(C)CC(=O)N[C@@H]1CCC2=CC=CC=C2N(C1=O)CC3=CC=C(C=C3)C4=CC=CC=C4C5=NNN=N5)O,Inactive,6,,,Low,5.85,class = 1
184,170465938,16351,CN1CCN(CC1)C2=NC3=CC=CC=C3SC4=C2C=C(C=C4)Cl,Active,100,,,High,886.96,class = 0
185,170466638,65776,CC1=C(N(C2=C1C=C(C=C2)C(=O)OCCN(C)C)CC3=CC=CC=C3)C,Active,100,,,High,>1000,class = 0
186,144205424,5708341,CCN(CC)CCCC(C)NC1=C2C=CC(=CC2=NC(=C1)/C=C/C3=CC=CC=C3Cl)Cl,Active,83,,,Moderate,82.94,class = 0
187,144205434,68363,CCOC1=CC(=CC(=C1OCC)OCC)C2=NC=CC3=CC(=C(C=C32)OC)OC,Active,100,,,High,>1000,class = 0
188,26754698,5283451,CC/C=C\C/C=C\C/C=C\C/C=C\C/C=C\C/C=C\CCC(=O)NCCO,Active,20,,,Moderate,19.5,class = 0
189,170466591,6917728,CCC1=CC(=C(C(=C1O)C(=O)NC[C@@H]2CCCN2CC)OC)Cl.Cl,Active,100,,,High,899.17,class = 0
190,90340867,33036,CN(C)CC[C@@H](C1=CC=C(C=C1)Cl)C2=CC=CC=N2,Active,83,,,Moderate,82.5,class = 0
191,50111292,128563,CC(=O)O[C@H]1C[C@H]([C@@]2(CC[C@H]3C(=O)O[C@@H](C[C@@]3([C@H]2C1=O)C)C4=COC=C4)C)C(=O)OC,Active,100,,,High,380.65,class = 0
192,174007039,72303,C=CCC1=CC(=C(C=C1)O)C2=CC(=C(C=C2)O)CC=C,Active,100,,,High,446.17,class = 0
193,384568257,104850,CC1=C(N(N=C1C(=O)NN2CCCCC2)C3=C(C=C(C=C3)Cl)Cl)C4=CC=C(C=C4)Cl,Active,100,,,High,>1000,class = 0
194,404904684,5329102,CCN(CC)CCNC(=O)C1=C(NC(=C1C)/C=C\2/C3=C(C=CC(=C3)F)NC2=O)C,Active,54,,,Moderate,53.87,class = 0
195,384568294,10474335,COC1=CC=CC2=C1CCCC2CCCN3CCN(CC3)C4CCCCC4,Active,100,,,High,777,class = 0
196,384568319,208908,CS(=O)(=O)CCNCC1=CC=C(O1)C2=CC3=C(C=C2)N=CN=C3NC4=CC(=C(C=C4)OCC5=CC(=CC=C5)F)Cl,Active,70,,,Moderate,69.7,class = 0
197,384568321,3081361,CN1CCC(CC1)COC2=C(C=C3C(=C2)N=CN=C3NC4=C(C=C(C=C4)Br)F)OC,Active,97,,,Moderate,97.29,class = 0
198,384568324,636411,CC1=CN=C(C(=C1OC)C)CS(=O)C2=NC3=C(N2)C=CC(=N3)OC,Active,50,,,Moderate,49.75,class = 0
199,90341833,11224758,CSC1=CC=CC=C1N2CCN(CC2)CCCCCC(=O)NC3CCCC4=CC=CC=C34,Active,100,,,High,627.93,class = 0
200,124893357,540335,CN1CCN(CC1)C2=CC=C(C=C2)NC3=C4C=CC=CC4=NC5=CC=CC=C53,Inactive,4,,,Low,3.75,class = 1
201,124398492,619526,C1=CC2=C(C=C1Cl)NC(=O)C3=CSC=C3N2,Active,63,,,Moderate,63.34,class = 0
202,363676681,11219835,C1=CC=C(C(=C1)C2=NC(=NO2)C3=CC(=CC=C3)C(=O)O)F,Active,100,,,High,891.55,class = 0
203,363676921,428373,CCC(C)C1C(=O)N(C(C(=O)N(C(C(=O)NCCC(=O)OC(C(=O)N2CCCC2C(=O)N1)CC(C)C)C)C)C(C)C)C,Active,74,,,Moderate,74,class = 0
204,50124081,72287,C[C@@H](CN1C2=CC=CC=C2SC3=C1C=C(C=C3)OC)CN(C)C,Active,100,,,High,722.7,class = 0
205,170465871,92178,CN1CCN(CC1)CCCN2C3=CC=CC=C3SC4=C2C=C(C=C4)S(=O)(=O)N(C)C.CS(=O)(=O)O.CS(=O)(=O)O,Active,100,,,High,730.49,class = 0
206,50125355,24871224,CC[C@H]1CN2CCC3CC(C(CC3[C@@H]2C[C@@H]1C[C@@H]4C5=C(CCN4)CC(=C(C5)OC)O)OC)OC,Active,18,,,Moderate,17.93,class = 0
207,57288372,25181364,C1=CNC(=O)C(=C1C2=CC=NC=C2)N,Inactive,3,,,Low,2.72,class = 1
208,57288373,25181365,C1=CC=C(C=C1)C2=C(C(=O)NC=C2)N,Active,77,,,Moderate,76.76,class = 0
209,57288374,25181366,CN(C)C1=CC=C(C=C1)C2=C(C(=O)NC=C2)N,Active,100,,,High,170.53,class = 0
210,384568407,24180125,C1CN(CCN1)CC2=CSC3=NC(=CN23)C4=CC=CC=C4NC(=O)C5=NC6=CC=CC=C6N=C5,Active,100,,,High,342.03,class = 0
211,170466021,2515,CCN(CC(C)O)C1=NN=C(C=C1)NNC(=O)OCC,Inactive,9,,,Low,8.57,class = 1
212,170465934,5736,CN(C)CCOC1=CC2=CC=CC=C2SC3=C1C=C(C=C3)Cl,Active,100,,,High,857.48,class = 0
213,124893814,3136131,CCC(=O)NC(C1=CC=C(C=C1)OC)C2=CC(=C3C=CC=NC3=C2O)Cl,Inactive,6,,,Low,5.75,class = 1
214,89650062,44825271,CN1C(=NN=N1)SC2=NC=NC3=C2C(=CS3)C4=CC=CC=C4F,Active,100,,,High,450.78,class = 0
215,89650099,44142144,CN1C(=NN=N1)SC2=NC=NC3=C2C(=CS3)C4=CC5=CC=CC=C5O4,Active,53,,,Moderate,52.83,class = 0
216,144206868,27901,CN1CCC(CC1)N(CC2=CC=CS2)C3=CC=CC=C3,Active,100,,,High,253.95,class = 0
217,85267871,3915663,CC1=CC=C(C=C1)CNCC2=C(NN=C2)C3=CC=C(C=C3)C,Active,100,,,High,410,class = 0
218,363677104,656668,CC1=C([C@H](C(=C(N1)C)C(=O)O[C@@H]2CCCN(C2)CC3=CC=CC=C3)C4=CC(=CC=C4)[N+](=O)[O-])C(=O)OC,Active,100,,,High,>1000,class = 0
219,103061604,49787093,CN1CCN(CC1)C2=CC=C(C=C2)NC3=NN4C(=O)C5=CC=CC=C5N=C4S3,Inactive,6,,,Low,5.91,class = 1
220,99367964,46907663,C1CN(CCC1C(=O)N)C2=NC=CC(=N2)C3=CC4=C(C=C3)OCCO4,Active,100,,,High,190.7,class = 0
221,99367978,46907687,CCOC(=O)C1CCN(CC1)C2=NC=C(S2)C3=CC4=C(C=C3)OCCCO4,Active,100,,,High,>1000,class = 0
222,99367980,46907666,C1COC2=C(C=C(C=C2)C3=CN=C(S3)N4CCC(CC4)C(=O)O)OC1,Active,100,,,High,>1000,class = 0
223,104224268,49853131,CC1=CC(=NC=C1)NC(=S)N2CCN(CC2)C3=CC=C(C=C3)N,Inactive,4,,,Low,4.13,class = 1
224,104224270,701529,C1=CC=C(C=C1)CCN2C3=CC=CC=C3NC2=S,Active,100,,,High,903.08,class = 0
225,385842039,25256849,CC(C(C)(C)C)NCC1=CC2=C(C=C1)N(C(=N2)NC(=O)C3=CC=C(S3)C4=CNN=C4)CC(C)(C)O,Inactive,4,,,Low,4.16,class = 1
226,87915648,44634872,CC1=C(C=C(C=C1)Cl)NS(=O)(=O)C2=C(C=C3C(=C2)CCC(=O)N3)F,Active,100,,,High,616.9,class = 0
227,87915649,44634868,CC1=C(C=CC(=C1)NS(=O)(=O)C2=CC3=C(C=C2)NC(=O)CC3)F,Active,100,,,High,462.83,class = 0
228,87915650,7601970,C1CC(=O)NC2=C1C=C(C=C2)S(=O)(=O)NC3=CC(=C(C=C3)F)Cl,Active,100,,,High,662.78,class = 0
229,384568456,10127622,CN1C=NC2=C1C=C(C(=C2F)NC3=C(C=C(C=C3)Br)Cl)C(=O)NOCCO,Active,100,,,High,150.97,class = 0
230,103061644,49787080,CN(C)[C@@H]1CCN(C1)C2=CC=CC(=C2)NC3=NN4C(=O)C5=CC=CC=C5N=C4S3,Active,25,,,Moderate,24.87,class = 0
231,104224471,49853213,C1CNCCC1C2=CC=C(C=C2)NCC3=CC=C(O3)C4=CC=C(C=C4)C#N,Active,100,,,High,236.42,class = 0
232,99431346,46926065,CC1=C(C(N=C(N1)NC2=NC3=CC=CC=C3O2)C4=C(C=NN4)Cl)C(=O)NC5=NC6=CC=CC=C6S5,Active,16,,,Moderate,15.6,class = 0
233,124948829,45166426,CC1=CN=C(N=C1C2CCCN(C2)C(=O)C3=C4CCCCC4=CS3)SCC5=CC=CC=N5,Active,100,,,High,>1000,class = 0
234,124949023,45166656,CC(COC)NCC1=C(N=C2C=C(C=CC2=C1)OC)N3CCN(CC3)C4=CC=C(C=C4)F,Active,100,,,High,576.43,class = 0
235,104224537,49852898,CN1CCN(CC1)C2=CC3=C(C=CC(=C3N=C2)O)C(=O)OC,Active,80,,,Moderate,80.08,class = 0
236,377020233,3038525,C1=CC(=C(C(=C1)Cl)C2=C3C=CC(=NN3C=NC2=O)SC4=C(C=C(C=C4)F)F)Cl,Active,100,,,High,792.9,class = 0
237,99460846,46947861,CCOC1=C(C=C(C=C1)CCNC(=O)C2=CC3=CC=CC=C3N2C)OCC,Active,100,,,High,>1000,class = 0
238,99460863,46947870,CCOC1=C(C=C(C=C1)CCNC(=O)C2=CC=CC(=C2)C(=O)C3=CC=CC=C3)OCC,Active,100,,,High,>1000,class = 0
239,144206383,13493,CCN(CC)CCN1C2=C(C=C(C=C2)[N+](=O)[O-])N=C1CC3=CC=C(C=C3)OCC,Active,100,,,High,285.07,class = 0
240,161003880,4620214,CC1=CC=C(C=C1)S(=O)(=O)NC2=CC=CC=C2C(=O)NC3=NC(=CS3)C4=CC=CC=C4,Active,100,,,High,>1000,class = 0
241,144116857,60167830,C1=CC=C(C(=C1)C2=NC3=CC=CC=C3C(=N2)NCC4=CC=C(C=C4)C5=CN=CC=C5)C(F)(F)F,Active,100,,,High,711.6,class = 0
242,144116891,60167877,CC1=CC=CC=C1C2=NC3=CC=CC=C3C(=N2)NCC4=CC=C(C=C4)C5=CN=CC=C5,Active,100,,,High,>1000,class = 0
243,144116899,60167920,CC(C)C1=CC=CC=C1C2=NC3=CC=CC=C3C(=N2)NCC4=CC=C(C=C4)C5=CN=CC=C5,Active,100,,,High,>1000,class = 0
244,144116904,60167825,C1=CC=C2C(=C1)C(=NC(=N2)C3=CC=CC=C3F)NCC4=CC=C(C=C4)C5=CN=CC=C5,Active,100,,,High,>1000,class = 0
245,134225117,56593345,CCOC1=CC=CC=C1C(=O)NC2=C(C=NC=C2)C(=O)NC3=CC(=CC=C3)S(=O)(=O)C(F)(F)F,Active,100,,,High,139.03,class = 0
246,134225118,56593309,CCOC1=CC=CC=C1C(=O)NC2=C(C=CC=N2)C(=O)NC3=CC(=CC=C3)S(=O)(=O)C(F)(F)F,Active,100,,,High,656.29,class = 0
247,144116910,60167932,CC(C)C1=CC=CC=C1C2=NC3=C(CNC3)C(=N2)NCC4=CC=C(C=C4)C5=CN=CC=C5,Active,99,,,Moderate,98.67,class = 0
248,144116917,60167795,COC1=CC=CC=C1C2=NC3=CC=CC=C3C(=N2)NCC4=CC=C(C=C4)C5=CN=CC=C5,Active,100,,,High,726.8,class = 0
249,384568539,10077147,C1CCN(C1)C(=O)NC2=CC=CC(=C2)NC3=NC=C(C(=N3)NCCCNC(=O)C4=CC=CS4)I,Active,100,,,High,233.72,class = 0
250,384568558,25022668,C1CCC(C1)C2=C(C=CC(=C2)C3=CNC4=C3C=C(C=N4)C5=CC=CC=C5)C(=O)O,Active,100,,,High,400.29,class = 0
251,144116927,60167883,CC1=NC=C(C=C1)C2=CC=C(C=C2)CNC3=NC(=NC4=CC=CC=C43)C5=CC=CC=C5C(C)C,Active,100,,,High,857.48,class = 0
252,384568572,60167849,CC1=CN=C(N=C1NCC2=CC=C(C=C2)N3C=CN=N3)C4=CC=CC=C4C(C)C,Active,100,,,High,663.04,class = 0
253,160844121,70701462,CNC1=C(N=C(O1)C2=C(C(=CC=C2)Cl)Cl)C#N,Active,100,,,High,589.39,class = 0
254,384568599,178024,CC(C)(C(=O)N[C@H](COCC1=CC=CC=C1)C(=O)N2CCC3(CC2)CN(C4=CC=CC=C34)S(=O)(=O)C)N,Active,28,,,Moderate,27.54,class = 0
255,363677239,22049997,CC1=C(C=C(C=C1)C(=O)NC)N2C(=CC(=C(C2=O)Br)OCC3=C(C=C(C=C3)F)F)C,Active,100,,,High,627.1,class = 0
256,363677269,57519531,C[C@@]1(CN(C[C@@]1(C)CO)C2=NC=C(C(=C2)C(=O)NC3=CC4=C(CCC5=C4N(N=C5C(=O)N)C6=CC=C(C=C6)F)C=C3)Cl)CO,Active,46,,,Moderate,45.61,class = 0
257,404904703,49836027,CCC(=O)N1CCN(CC1)C2=C(C=C(C=C2)N3C(=O)C=CC4=CN=C5C=CC(=CC5=C43)C6=CC7=CC=CC=C7N=C6)C(F)(F)F,Active,100,,,High,536.52,class = 0
258,363677296,70701426,COC1=CC=CC(=C1O)CNC2=CC=C(C=C2)S(=O)(=O)NC3=NC4=CC=CC=C4S3,Active,100,,,High,392.64,class = 0
259,170465287,64722,CN1CCCC(C1)CC2C3=CC=CC=C3SC4=CC=CC=C24.Cl,Active,100,,,High,>1000,class = 0
260,384568708,9968854,C1COCCN1CC2=CC=C(C=C2)C3=CC(=C(S3)C(=O)N)NC(=O)N,Inactive,1,,,Low,1.19,class = 1
261,363677311,4823,CC1CC(=O)NN=C1C2=CC3=C(C=C2)N=C(N3)C4=CC=C(C=C4)OC,Active,100,,,High,232.2,class = 0
262,384568713,71668132,C1CN(CCN1)C2=CC(=O)N3C(=N2)SC(=N3)C4=CC(=CN=C4)NC(=O)CN,Inactive,1,,,Low,1.07,class = 1
263,377660805,1497027,CC1=C(C=C(C=C1)C(=O)NC2=CC3=C(C=C2)OC(=N3)C4=CN=CC=C4)[N+](=O)[O-],Active,100,,,High,693.35,class = 0
264,377714310,3614652,CC1=CC=C(C=C1)S(=O)(=O)NC2=NC3=C(C=C(C=C3)C)N=C2NC4=CC5=C(C=C4)OCO5,Active,100,,,High,333.68,class = 0
265,377708173,9368465,CC1=CC=C(C=C1)S(=O)(=O)N2CCN(CC2)C(=O)C3=CC4=C(S3)CCC4,Active,100,,,High,>1000,class = 0
266,160844145,70701468,CNC1=C(N=C(S1)C2=CC=CC3=CC=CC=C32)C#N,Active,100,,,High,268,class = 0
267,377656179,139106,C1=CC=C(C=C1)C2=CNN=C2,Active,51,,,Moderate,51.23,class = 0
268,363677344,71304818,CC(C)CNC1=NC(=NC=C1)NCC2=CSC(=N2)C3=CC=CC=C3,Active,100,,,High,>1000,class = 0
269,164755758,71771062,COC1=C(C=C(C=C1)NC(=O)C2=CC=CN2)[S+](=O)(NC3=CC=C(C=C3)Br)[O-],Active,100,,,High,>1000,class = 0
270,363677371,21081761,C1=CN(C(=O)C(=C1)C(=O)NC2=CC(=C(C=C2)OC3=C4C=CNC4=NC=C3)F)C5=CC=C(C=C5)F,Inactive,9,,,Low,9.36,class = 1
271,384568834,11175137,C1CNCCC1(C2=CC=C(C=C2)C3=CNN=C3)C4=CC=C(C=C4)Cl,Inactive,4,,,Low,3.6,class = 1
272,384568905,11978790,CN1C2=CN=C3C=CC(=CC3=C2N(C1=O)C4=CC(=C(C=C4)N5CCNCC5)C(F)(F)F)C6=CN=C(C=C6)OC,Active,100,,,High,152.65,class = 0
273,384568948,46215815,C[C@@H]1CC[C@@H](CN1C2=NC(=NC(=C2)C3=CC4=C(C=C3)C(=NN4)N)NC)C(=O)NC5CCCCC5,Active,26,,,Moderate,26.05,class = 0
274,384568967,9934347,CNC(=O)C1=CC=CC=C1NC2=NC(=NC=C2Cl)NC3=C(C=C(C=C3)N4CCOCC4)OC,Active,100,,,High,145.14,class = 0
275,384568981,676352,C1=CC=C(C=C1)CNC2=NC(=NC3=CC=CC=C32)NCC4=CC=CC=C4,Active,100,,,High,190.14,class = 0
276,384569018,135565082,CN1C(=NC=N1)[C@@H]2[C@H](NC3=CC(=CC4=C3C2=NNC4=O)F)C5=CC=C(C=C5)F,Active,46,,,Moderate,46.17,class = 0
277,312523666,118796328,CC1=CC(=NC(=C1)NC(=S)N2CCN(CC2)CC3=CC=C(C=C3)C(F)(F)F)C,Active,100,,,High,>1000,class = 0
278,384569024,71533725,COC1=NC(=NC=C1C2=CC3=NC=C(C(=C3C=C2)NC4=CC(=CC(=C4)C(=O)O)OC5=CC(=CC(=C5)F)F)S(=O)(=O)NC6CC6)OC,Inactive,1,,,Low,1.2,class = 1
279,384569031,66613669,C1=CC(=CC(=C1)S(=O)(=O)C2=CC=C(C=C2)CNC(=O)C3=CN=C4C(=C3)C=NN4)C(F)(F)F,Active,100,,,High,361.97,class = 0
280,363677885,1474853,COC1=C(C=C2C(=C1)C(=NC=N2)NC3=CC=C(C=C3)OC4=CC=CC=C4)OC,Active,100,,,High,981.09,class = 0
281,363677940,16195554,C1=CC=C(C=C1)C2=C/C(=C\C3=CC=C(O3)C4=CC=C(C=C4)[N+](=O)[O-])/C(=O)N2C5=CC=C(C=C5)C(=O)O,Active,38,,,Moderate,37.5,class = 0
282,363678001,5311096,C1CC(CCC1CCN2CCC3=C(C2)C=CC(=C3)C#N)NC(=O)C4=CC=NC5=CC=CC=C45,Active,84,,,Moderate,83.9,class = 0
283,363678018,9901086,C1CN(CCN1)C2=CN=CC(=N2)OCC3=CC(=CC=C3)Cl,Active,100,,,High,741.67,class = 0
284,363678023,44402523,C1=CC(=CC=C1/C=C/C(=O)NC2=C(C=C(C=C2)C3=NC4=C(O3)C=CC(=C4)CC(=O)O)F)Br,Active,100,,,High,405.46,class = 0
285,363678054,1791111,CC1=CC(=NC(=N1)NS(=O)(=O)C2=CC=C(C=C2)NC(=S)NC(=O)COC3=C(C=C(C=C3)Br)Cl)C,Active,100,,,High,>1000,class = 0
286,375814661,134791303,CC1=CC=CC=C1N(C)C2CN(C2)[S+](=O)(C3=CC=CC(=C3)C(F)(F)F)[O-],Active,100,,,High,924,class = 0
287,375813303,134788517,CC(C)C1=NC2=C(CCN(CC2)CC3=CC=C(C=C3)NC(=O)C)C(=N1)C4=CC=C(C=C4)Cl,Active,100,,,High,476.41,class = 0
288,375814614,134789541,CN(C)C(=O)C1=NC(=C2N1C=CN=C2)C3=C(C=C(C=C3)Cl)Cl,Active,100,,,High,>1000,class = 0
289,375818081,63268833,C1=COC(=C1)C2=NC3=C(N2)C=NC=C3,Inactive,6,,,Low,5.56,class = 1
290,384569053,59473233,C1COCCN1C2=CC=C(C=C2)NC3=NC(=CN4C3=NC=C4)C5=CC6=C(C=C5)C=NN6,Active,100,,,High,>1000,class = 0
291,384569059,9810929,CC[C@H](C)[C@@H]([C@@H](CC(=O)N1CCC[C@H]1[C@@H]([C@@H](C)C(=O)N[C@@H](CC2=CC=CC=C2)C3=NC=CS3)OC)OC)N(C)C(=O)[C@H](C(C)C)NC(=O)[C@H](C(C)C)N(C)C,Active,100,,,High,224.15,class = 0
292,363678175,11497983,CCN(CCCOC1=CC2=C(C=C1)C(=NC=N2)NC3=NNC(=C3)CC(=O)NC4=CC(=CC=C4)F)CCOP(=O)(O)O,Inactive,4,,,Low,3.64,class = 1
293,363678194,44464263,C1CC(C1)C(=O)NCCCNC2=NC(=NC=C2C3CC3)NC4=CC=CC(=C4)CN5CCOCC5,Inactive,9,,,Low,8.82,class = 1
294,363678316,11154555,CN(C)C(=O)NC1CCC(CC1)CCN2CCN(CC2)C3=C(C(=CC=C3)Cl)Cl,Active,100,,,High,349.57,class = 0
295,387065820,66552906,COC1=CC=CC(=C1)N2C(=CC(=N2)C(=O)O)C3=CC(=C(C=C3)C4CCCCC4)Cl,Active,100,,,High,401.32,class = 0
296,363679169,136959977,CN1C=C(N=C1)C2=NC=CC3=C2N=C(NC3=O)OCCCC(F)(F)F,Active,79,,,Moderate,78.65,class = 0
297,363679173,71566751,CN1CCN(CC1)CC2=C(C=C(C=C2)NC(=O)CC3=CC=C(C=C3)OC4=NC=NC(=C4)NC(=O)C5CC5)C(F)(F)F,Active,19,,,Moderate,19.33,class = 0
298,363679204,1715,COC1=CC2=C(C=C1)SCCN(C2)C(=O)CCN3CCC(CC3)CC4=CC=CC=C4,Active,100,,,High,806.84,class = 0
299,363680161,56846693,CC(C)(C1=CC(=NO1)NC(=O)NC2=CC(=CC=C2)OC3=NC=NC4=CC(=C(C=C43)OC)OC)C(F)(F)F,Active,100,,,High,136.63,class = 0
300,363680214,52936849,CCOC(=O)C1=CN=C2N1C=C(C=C2)C3=CC(=CN=C3)NS(=O)(=O)C4=CC=CC=C4,Active,100,,,High,545.57,class = 0
301,363680625,24857242,C1=CC=C(C(=C1)CNCC2=CC=C(C=C2)C3=C4C=CNC4=NC=C3)F,Active,100,,,High,266.12,class = 0
302,363680986,90407809,CN1C=NC(=C1C2=CC=C(C=C2)OC)C3=NC=CC(=C3)C(=O)O,Inactive,3,,,Low,2.67,class = 1
303,375808060,71693092,CC1=C[C@H]([C@@H](C[C@H]1CC2=NC3=C(N2)C=CC(=N3)OC)C(C)C)CNCC4=CC=CC=C4O,Active,100,,,High,738.55,class = 0
304,375808579,40780407,CC1=C(C(=NN1C2=CC=C(C=C2)OC)C)[C@H]3C[C@@H](C=C3)NCC4=CC(=CC=C4)Cl,Active,100,,,High,772.9,class = 0
305,375807600,26742466,CC1=NC(=CC(=N1)[C@H]2CN3CC[C@H]2C[C@@H]3CNC(=O)NC4CCCCC4)C5=CC=CO5,Inactive,5,,,Low,4.96,class = 1
306,375808655,75411313,C1CCC(C1)C(=O)NC[C@H]2CN3C(=NC=C3C4=CC=C(C=C4)Cl)CO2,Active,19,,,Moderate,19.4,class = 0
307,375809859,75367182,CC1=CC=C(C=C1)CN2CCOC[C@H]2C3=NC=C(N3)C4=CC(=CC=C4)F,Active,100,,,High,994.81,class = 0
308,375809101,26743389,CC1=C(C(=NN1C2=CC=C(C=C2)OC)C)[C@H]3C[C@@H](C=C3)NCC4=CC=C(C=C4)N(C)C,Active,100,,,High,>1000,class = 0
309,375807228,40776995,CCC(CC)C1=NC(=NC(=C1)[C@H]2CN3CC[C@H]2C[C@@H]3CNC(=O)C)C4=CC=NC=C4,Active,15,,,Moderate,14.92,class = 0
310,375809655,45360472,CC1=NC(=CC(=N1)[C@H]2CN3CC[C@H]2C[C@@H]3CNC4CCOCC4)C5=CC=CC=C5,Active,13,,,Moderate,12.95,class = 0
311,375802635,38030950,CC1=C[C@H]([C@@H](C[C@H]1CC2=NN=C(O2)C3=CC=C(C=C3)[N+](=O)[O-])C(C)C)CNCC4=CN=CC=C4,Active,100,,,High,983.68,class = 0
312,375805435,38030234,CC1=C[C@H]([C@@H](C[C@H]1CC2=NN=C(O2)C3=CC=CC=C3)C(C)C)CNCCNC(=O)C,Active,26,,,Moderate,25.77,class = 0
313,375806667,26745074,CC1=CC(=CC=C1)C2=NOC(=N2)[C@@H]3CC4=C(CN3C(=O)CC(C)(C)CC(=O)O)NC=N4,Active,47,,,Moderate,46.74,class = 0
314,375799806,71693149,CCC(CC)C(=O)NC[C@@H]1C=C([C@@H](C[C@H]1C(C)C)CC2=NC3=C(C=CC=C3N2)C)C,Active,100,,,High,>1000,class = 0
315,375800456,40777002,CCC(CC)C1=NC(=NC(=C1)[C@H]2CN3CC[C@H]2C[C@@H]3CNS(=O)(=O)C4=CC=CS4)C5=CC=NC=C5,Active,100,,,High,749.69,class = 0
316,375798497,28961069,CC1=CC(=CC=C1)C2=NOC(=N2)[C@@H]3CC4=C(CN3)NC=N4,Active,100,,,High,169.41,class = 0
317,375798652,7142438,C1CN2[C@H](CN1C(=O)COC3=CC=CC=C3)C(=O)NC4=C(C2=O)C=C(C=C4)C5=CC(=CC=C5)C(F)(F)F,Active,100,,,High,859,class = 0
318,375806391,26742366,CCC(CC)C1=NC(=NC(=C1)[C@H]2CN3CC[C@H]2C[C@@H]3CNC(=O)CC4=CC=CS4)C5=CC=NC=C5,Active,100,,,High,319.54,class = 0
319,375803848,26745136,COC1=CC=C(C=C1)C2=NOC(=N2)[C@@H]3CC4=C(CN3C(=O)NC5CCCCC5)NC=N4,Active,58,,,Moderate,58.16,class = 0
320,375803232,26761883,CCOC(=O)C1=CC=C(C=C1)NC(=O)N2CC3=C(C[C@H]2C4=NC(=NO4)C(C)C)N=CN3,Active,16,,,Moderate,16.23,class = 0
321,375800677,45783916,CC1=C[C@H]([C@@H](C[C@H]1CC2=NN=C(O2)C3=CC=NC=C3)C(C)C)CNC(C)C,Active,41,,,Moderate,41.32,class = 0
322,377020432,49878590,CCOC(=O)N1CCN(CC1)C(=O)CN2C(=O)C3=C(S2)N=C(C=C3C)C,Active,19,,,Moderate,19.05,class = 0
323,375885383,134805851,COC1=NC=C(C=N1)C2=NNC3=C2CC(=O)N(C3)C4=CC=CC=C4,Active,43,,,Moderate,42.5,class = 0
324,375890128,134810595,C1CN(CC2=C1C(=O)N(N2CC3=CN=CC=C3)CCC4=CC=CC=C4)C(=O)C5=CC6=CC=CC=C6N5,Active,100,,,High,229,class = 0
325,375884825,134805294,CN(C)C1=CC=C(C=C1)CN2CCNC3=CC(=NC=C3C2)NC4=CC=CC=C4,Active,100,,,High,106.54,class = 0
326,375885182,134805651,C1CN(CC2=CN=C(C=C2N1)NC3=CC=CC=C3)CC4=CC=CS4,Active,100,,,High,105.92,class = 0
327,375884446,134804915,COC1=NC=C(C=C1)CN2CCNC3=CC(=NC=C3C2)NC4=CC=CC=C4,Inactive,2,,,Low,2.38,class = 1
328,375885834,134806302,COC1=C(C=C(C=C1)CN2CCNC3=CC(=NC=C3C2)NC4=CC=CC=C4)O,Inactive,3,,,Low,3.07,class = 1
329,375886179,134806647,C1CN(CC2=CN=C(C=C2N1)NC3=CC=CC=C3)CC4=CSC=C4,Active,15,,,Moderate,15.28,class = 0
330,375886492,134806960,COC1=CC=CC=C1CN2CCNC3=CC(=NC=C3C2)NC4=CC=CC=C4,Active,22,,,Moderate,22.34,class = 0
331,375887020,134807488,C1CN(CC2=CN=C(C=C2N1)NCC3=CC=C(C=C3)F)CC4=CC=NC=C4,Active,14,,,Moderate,14.31,class = 0
332,375889125,134809592,C1CN(CC2=CN=C(C=C2N1)NC3=CC=CC=C3)CC4=CC(=C(C=C4)F)F,Active,100,,,High,340.2,class = 0
333,375888561,134809029,COC1=CC(=C(C=C1)OC)CN2CCNC3=CC(=NC=C3C2)NC4=CC=CC=C4,Inactive,2,,,Low,2.33,class = 1
334,375886750,134807218,C1CN(CC2=CN=C(C=C2N1)NCC3=CC=CC=C3)CC4=CN=CC=C4,Active,16,,,Moderate,15.8,class = 0
335,375885513,134805981,COC1=CC=C(C=C1)CN2CCNC3=CC(=NC=C3C2)NC4=CC=CC=C4,Active,100,,,High,119,class = 0
336,375888838,134809305,C1CN(CC2=CN=C(C=C2N1)NC3=CC=CC=C3)CC4=CC(=CC=C4)F,Inactive,6,,,Low,5.74,class = 1
337,375889127,134809594,COC1=CC=CC(=C1)CN2CCNC3=CC(=NC=C3C2)NC4=CC=CC=C4,Active,100,,,High,187.32,class = 0
338,375888840,134809307,C1CN(CC2=CN=C(C=C2N1)NC3=CC=CC=C3)CC4=CC=CC=C4O,Active,23,,,Moderate,23.15,class = 0
339,375887878,134808346,C1CN(CC2=CN=C(C=C2N1)NC3=CC=CC=C3)CC4=CC=C(C=C4)C(F)(F)F,Active,21,,,Moderate,21.11,class = 0
340,375885197,134805666,CC(C)(C)CN1CCNC2=CC(=NC=C2C1)NC3=CC=CC=C3,Active,42,,,Moderate,42.16,class = 0
341,375886531,134806999,C1=CC2=C(C(=C1)C3=CN4C=NC=C4C(=C3)C5=CC=NC=C5)NN=C2,Active,20,,,Moderate,20.29,class = 0
342,375885879,134806347,C1=CC(=C2C=CNC2=C1)C3=CN4C=NC=C4C(=C3)C5=CC=NC=C5,Active,22,,,Moderate,21.71,class = 0
343,375884537,134805006,CC1=C(C(=NO1)C)C2=CC(=CN3C2=CN=C3)C4=CC5=C(CNC5=O)C=C4,Active,64,,,Moderate,64.45,class = 0
344,375885245,134805713,CC(=O)NC1=CC=CC(=C1)C2=CN3C=NC=C3C(=C2)C4=CN=C(C=C4)OC,Active,45,,,Moderate,45.43,class = 0
345,375887915,134808383,C1=CC(=CN=C1)CNC(=O)CC2=CNC3=C2C=C(C=N3)C4=CC=C(C=C4)Cl,Active,100,,,High,817.79,class = 0
346,375888602,134809070,CN1CCN(CC1)C(=O)CC2=CNC3=C2C=C(C=N3)C4=CC=CC=C4OC5=CC=CC=C5,Active,100,,,High,578.38,class = 0
347,375887302,134807770,COC1=C(C=C(C=C1)C2=NN3C(=NC=C3NC4=CC=NC=C4)C=C2)OC,Active,26,,,Moderate,26.17,class = 0
348,375887945,134808413,COC1=C(C=C(C=C1)C2=NN3C(=NC=C3NC4=CC=C(C=C4)C(=O)N)C=C2)OC,Active,82,,,Moderate,81.8,class = 0
349,375886771,134807239,COC1=C(C=C(C=C1)C2=NN3C(=NC=C3NC4=CC=CC=C4OC)C=C2)OC,Active,100,,,High,620.68,class = 0
350,375884531,134805000,COC1=NC=C(C=C1)C2=NN3C(=NC=C3NC4=C(N=CC=C4)OC)C=C2,Active,100,,,High,757.55,class = 0
351,375888608,134809076,COC1=CC=C(C=C1)NC2=CN=C3N2N=C(C=C3)C4=CC(=C(C=C4)OC)OC,Active,100,,,High,821.17,class = 0
352,375888881,134809348,COCCNC1=NC=C(C2=C1OCC2)C3=CC(=CC=C3)O,Active,77,,,Moderate,77.03,class = 0
353,375884909,134805378,CN(C)C1=CC=CC(=C1)C2=CN=C(C3=C2CCO3)NC4=CN=CC=C4,Active,100,,,High,>1000,class = 0
354,375887037,134807505,CN(C)C1=CC=CC(=C1)C2=CN=C(C3=C2CCO3)NC4=CC(=CC=C4)OC,Active,100,,,High,>1000,class = 0
355,375889090,134809557,COCCNC(=O)C1=CC=C(C=C1)C2=NC=C3N2C=C(N=C3)C4=CC(=CC=C4)F,Active,100,,,High,282.78,class = 0
356,375890161,134810628,C1=CC(=CC(=C1)F)C2=CN3C(=CN=C3C4=CC=C(C=C4)C(=O)N)C=N2,Active,100,,,High,135.02,class = 0
357,375890154,134810621,CC(=O)NCCNC(=O)C1=CC=C(C=C1)C2=NC=C3N2C=C(N=C3)C4=CC(=CC=C4)F,Inactive,8,,,Low,7.62,class = 1
358,375888127,134808595,C1=CC(=CC(=C1)F)C2=CN3C(=CN=C3C4=CC=C(C=C4)C(=O)NCCCO)C=N2,Active,21,,,Moderate,21.23,class = 0
359,375890180,134810647,C1CC(=O)N(C1)CCCNC(=O)C2=CC=C(C=C2)C3=NC=C4N3C=C(N=C4)C5=CC=CC=C5,Active,100,,,High,192.97,class = 0
360,375890158,134810625,C1CS(=O)(=O)CCN1C(=O)C2=CC=C(C=C2)C3=NC=C4N3C=C(N=C4)C5=CC=CC=C5,Active,23,,,Moderate,22.79,class = 0
361,375890183,134810650,CNC(=O)C1CCN(CC1)C(=O)C2=CC=C(C=C2)C3=NC=C4N3C=C(N=C4)C5=CC=CC=C5,Active,30,,,Moderate,30.13,class = 0
362,375889102,134809569,C1=CC(=CC(=C1)F)C2=CN3C(=CN=C3C4=CC=C(C=C4)C(=O)NCCC5=CN=CN5)C=N2,Inactive,5,,,Low,5.09,class = 1
363,375885464,134805932,CC(C)C1=CC=C(C=C1)OCC2=NC3=C(N2CC4=CC=CC=C4)C(=O)N(CCN3)CC5CCOCC5,Active,100,,,High,643.42,class = 0
364,375888517,134808985,C1C(C2(CN1C(=O)CC3=CC=C(C=C3)O)CN(C2)C4=CC=CC=C4)CNC5=CC=CC=C5,Active,100,,,High,615.89,class = 0
365,375884757,134805226,C1C(C2(CN1CC3=CC=C(C=C3)O)CN(C2)C4=CC=CC=C4)CNC5=CC=CC=C5,Active,100,,,High,>1000,class = 0
366,375886361,134806829,CN(C)C1=CC(=CC=C1)OC2=C(C=C3C(=C2)NC(=O)C34CCN(CC4)C5=NC=CN=C5)OC,Active,100,,,High,>1000,class = 0
367,375888011,134808479,CC1=CC=C(C=C1)C2=NC3=C(NN=C3N=C2)C4=CC=CC=C4OC,Inactive,2,,,Low,1.92,class = 1
368,375888678,134809146,COC1=C(C=C(C=C1)C2=C3C(=NN2)N=CC(=N3)C4=CC=C(C=C4)CO)F,Active,100,,,High,428.14,class = 0
369,375888711,134809178,CN1CC2=C(N=C(C=C2C1=O)N3CCOCC3)C4=CC=CC=C4OC(F)(F)F,Active,100,,,High,>1000,class = 0
370,375889261,134809728,CC(C)C1=CC=C(C=C1)CC(=O)N2CCCC3=C2C=C(C=N3)C(=O)NC4=CN=CC=C4,Active,100,,,High,932.39,class = 0
371,375889260,134809727,CC1=NN2CCCN(C2=C1C3=CC=CC=C3OCC4=CC=CC=C4)C(=O)CC5=CC6=C(C=C5)OCO6,Active,100,,,High,>1000,class = 0
372,375888446,134808914,CC1=NN2CCCN(C2=C1C3=CC=CC=C3C4=CC=CC=C4)CC5CC5,Active,100,,,High,>1000,class = 0
373,375885702,134806170,CC1=NN2CCCN(C2=C1C3=CC=CC=C3C4=CC=CC=C4)CCC(C)C,Active,100,,,High,349.65,class = 0
374,375886668,134807136,CC1=NN2CCCN(C2=C1C3=CC=CC=C3OC4=CC=CC=C4)CC5=CC=CC=C5O,Active,100,,,High,878.77,class = 0
375,375886946,134807414,CC1=NN2CCCN(C2=C1C3=CC=CC=C3C4=CC=CC=C4)CC5=CC=C(S5)C(=O)O,Active,100,,,High,522.76,class = 0
376,375887195,134807663,CC1=NN2CCCN(C2=C1C3=CC=CC=C3C4=CC=CC=C4)CC5=CC=C(C=C5)O,Active,100,,,High,117.9,class = 0
377,375799543,40776966,CCC(CC)C1=NC(=NC(=C1)[C@H]2CN3CC[C@H]2C[C@@H]3CNC(=O)COC4=CC=CC=C4)C5=CC=NC=C5,Active,100,,,High,374.02,class = 0
378,375801701,40780411,CC1=C(C(=NN1C2=CC=C(C=C2)OC)C)[C@H]3C[C@@H](C=C3)NCC4=CC=C(C=C4)F,Active,100,,,High,482.07,class = 0
379,375863579,16764695,C1C(C2=C(NC1=O)N=C(S2)N)C3=C(C=C(C=C3)F)F,Inactive,5,,,Low,5,class = 1
380,375855543,51053056,CNC1=NC2=C(S1)C(CC(=O)N2)C3=CC=C(C=C3)Cl,Active,100,,,High,204.16,class = 0
381,375845526,51138561,CNC1=NC2=C(S1)C(CC(=O)N2)C3=CC=CC=C3F,Active,60,,,Moderate,60.26,class = 0
382,375876556,91767277,CC1=C(NC2=CC=CC=C12)CN(C)C3=NC(=NC(=C3)C4CC(C4)O)N,Active,45,,,Moderate,44.82,class = 0
383,375852621,71705536,C1C(CN(C1=O)C2=NNC3=C2C=CC(=C3)Br)C(=O)NCCC4=CC=CC=N4,Active,11,,,Moderate,11.46,class = 0
384,375838471,75466029,C1CN(CCC1C2=NOC3=C2C=CC(=C3)F)C(=O)C4CC(=O)N(C4)C5=NNC6=CC=CC=C65,Active,100,,,High,635.18,class = 0
385,375852584,91913176,CC1=CC(=NC=C1)NC(=O)C2CC(=O)N(C2)C3=NNC4=C3C=CC(=C4)Br,Active,63,,,Moderate,62.8,class = 0
386,375842535,71705501,C1COCCC1CNC(=O)C2CC(=O)N(C2)C3=NNC4=C3C=CC(=C4)Br,Active,11,,,Moderate,10.62,class = 0
387,375870877,11173800,C1CC(C2=C(C1)C3=CC=CC=C3N2)NC(=O)C4=CC=CC=C4,Active,100,,,High,680.09,class = 0
388,375850542,75490816,COC1=C(C=C(C=C1)C(=O)NC2CCCC3=C2NC4=CC=CC=C34)OC,Active,100,,,High,237.75,class = 0
389,375850553,71829149,COC1=C(C=C(C=C1)C(=O)NC2CCCC3=C2NC4=C3C=CC=C4Cl)OC,Active,100,,,High,482.69,class = 0
390,375846501,71829145,COC1=CC=CC=C1C(=O)NC2CCCC3=C2NC4=C3C=CC=C4Cl,Active,100,,,High,606.93,class = 0
391,375854627,75490814,COC1=CC(=CC(=C1OC)OC)C(=O)NC2CCCC3=C2NC4=CC=CC=C34,Active,100,,,High,925.85,class = 0
392,375842479,90489340,COC1=CC(=CC(=C1OC)OC)C(=O)NC2CCCC3=C2NC4=C3C=CC=C4Cl,Active,100,,,High,383.65,class = 0
393,375846567,71828900,C1CC(C2=C(C1)C3=C(N2)C(=CC=C3)Cl)NC(=O)C4=CC5=C(C=C4)OCO5,Active,100,,,High,190.01,class = 0
394,375858633,91903489,CC1=CC=C(C=C1)C2=NC(=C(S2)C(=O)NC3=CC4=C(C=C3)NC(=O)[C@@H]5CCCN5C4=O)C,Active,48,,,Moderate,48.19,class = 0
395,375862599,53137387,CC1=CC(=CC(=C1)C(=O)NC2=CC3=C(C=C2)C(=NC=N3)N4CCCC4)C,Active,100,,,High,505.69,class = 0
396,375868775,53137434,C1CCN(CC1)C2=NC=NC3=C2C=CC(=C3)NC(=O)C4=CC(=CC(=C4)F)F,Active,100,,,High,816.65,class = 0
397,375856591,53137515,C1COCCN1C2=NC=NC3=C2C=CC(=C3)NC(=O)C4=CC(=CC=C4)Br,Active,100,,,High,653.78,class = 0
398,375870856,91903748,CC1=CC=CC=C1S(=O)(=O)N2CCCC(C2)CCC(=O)NCCN(C)C3CCCCC3,Active,33,,,Moderate,32.84,class = 0
399,375861991,53140285,CN1C=C2CCN(CC3=C2C1=CC=C3)C(=O)C4=CC(=C(C=C4)F)Cl,Active,100,,,High,823.73,class = 0
400,375851988,53143674,CC1=CC(=C(C=C1)OC)NC(=O)C2=CN=C(N=C2C3=CC=NC=C3)C4=CC=C(C=C4)F,Active,100,,,High,925.51,class = 0
401,375847930,53143698,COC(=O)C1=CC(=CC=C1)NC(=O)C2=CN=C(N=C2C3=CC=NC=C3)C4=CC=C(C=C4)F,Active,100,,,High,670.52,class = 0
402,375879134,45226889,CC1=C(C(=CC=C1)N2C3=C(C=N2)C(CCC3)NC(=O)C4=C(C=CC(=C4F)F)F)C,Active,100,,,High,551.93,class = 0
403,375866176,53158961,CC1=CC=C(C=C1)C(=O)N2CCC3=C(C2)C=C(S3)C(=O)NC(C)C4=CC=CC=C4,Active,100,,,High,425,class = 0
404,375844078,53160384,CCCCC1=CC=C(C=C1)NC(=O)C2=CC3=C(CCN3S(=O)(=O)C)C=C2,Active,100,,,High,385.38,class = 0
405,375875666,46990893,CCN1N=CC(=N1)NC(=O)CN2C3=C(C=C(C=C3)C4=CC(=CC=C4)OC)C=N2,Active,100,,,High,853.32,class = 0
406,375871810,56715543,C1CC(CN(C1)C2=NC(=NC3=C2CCC3)C4=CC=CC=C4)C(=O)N5CCC(CC5)N,Inactive,8,,,Low,7.56,class = 1
407,375842572,90488048,C1=CC(=CC=C1C2=NC=C(C(=N2)C3=CC=NC=C3)C(=O)O)F,Active,38,,,Moderate,38.32,class = 0
408,375854679,71839006,CCOC1=CC=CC=C1C(=O)NC2CCN(C2=O)C3=CC(=CC(=C3)C)C,Active,100,,,High,>1000,class = 0
409,375846594,87051521,CCCCN(C)C(=O)C1=C(SC2=C1C(=O)N(C=C2)CCC)C,Active,100,,,High,112.65,class = 0
410,375882407,72846657,CC1=C(C=CC(=C1)F)N2CCC(CC2)N3C[C@@H]([C@H](C3)NC(=O)C)C4CC4,Active,100,,,High,143.92,class = 0
411,375845721,91904528,CCOC1=CC(=O)N2CCCCC2=C1C(=O)NC3=CC(=C(C=C3OC)Cl)OC,Active,69,,,Moderate,68.66,class = 0
412,375879261,56886853,C1CN(CCN(C1)C2=CC=C(C=C2)F)CC3[C@H]4[C@@H]3CNC4,Active,49,,,Moderate,48.82,class = 0
413,375879869,70726807,C1CC(CN(C1)C(=O)N)C(=O)N2CCCN(CC2)C3=CC=C(C=C3)F,Active,96,,,Moderate,96.15,class = 0
414,375845614,91887902,C1CC(CN(C1)C2=NNC(=C2)C3=CC=C(C=C3)F)NC(=O)C4=CC5=C(C=C4)N=CC=C5,Active,100,,,High,>1000,class = 0
415,375845589,87051912,C[C@H]1CN(C[C@@H]1C2=NC(=NO2)C3=CN=CC=C3)C(=O)C4=NN(C5=CC=CC=C54)C,Active,100,,,High,739.05,class = 0
416,375869899,87051947,C[C@H]1CN(C[C@@H]1C2=NC(=NO2)C3=CC=NC=C3)C(=O)C4=NN(C5=CC=CC=C54)C,Active,100,,,High,666.52,class = 0
417,375865736,91653956,C[C@H]1CN(C[C@@H]1C2=NC(=NO2)C3=CC=CC=C3)C(=O)NC4=CC=C(C=C4)F,Active,100,,,High,808.94,class = 0
418,375857652,87051999,C[C@H]1CN(C[C@@H]1C2=NC(=NO2)C3=CC=CC=C3)C(=O)NC4=C(C=C(C=C4)F)F,Active,100,,,High,917.2,class = 0
419,375841555,87052427,C1CN(CC2=C1C(=O)N3C(=N2)C=CN3)C(=O)C4=CC5=C(C=C4)N=CC=C5,Inactive,6,,,Low,5.6,class = 1
420,375867775,53183866,CC1=NC=C(C=C1)C(=O)N2CCC3=C(C2)N=C4C=C(NN4C3=O)C5=CC=CC=C5,Inactive,1,,,Low,1.2,class = 1
421,375873932,70756727,CC1=NOC(=C1)CNC(=O)C2=CC3=C(C=C2)N(C(=O)N3CC4CC4)C5CCCCC5,Active,100,,,High,870.43,class = 0
422,375862375,87052503,COC1=CC2=C(C=C1)C3=NNC(=C3CC2)C(=O)N4CCC5=C(C4)N=C6C=C(NN6C5=O)C7=CC=CC=C7,Active,16,,,Moderate,15.75,class = 0
423,375858341,87052505,CC1=C(C(=NO1)C)CC2=CC=C(O2)C(=O)N3CCC4=C(C3)N=C5C=C(NN5C4=O)C6=CC=CC=C6,Inactive,9,,,Low,9.03,class = 1
424,375866379,87052512,C1CN(CC2=C1C(=O)N3C(=N2)C=C(N3)C4=CC=CC=C4)C(=O)CCC(=O)N5CC(=O)NC6=CC=CC=C65,Inactive,7,,,Low,6.84,class = 1
425,375866399,136665503,C1CN(CCC2=C1C(=O)NC(=N2)N3CCOCC3)CC4=C(C=CC(=C4)Cl)F,Active,46,,,Moderate,46.29,class = 0
426,375854302,136665504,C1CN(CCC2=C1C(=O)NC(=N2)N3CCOCC3)CC4=C(C=C(C=C4)Cl)F,Active,71,,,Moderate,71.19,class = 0
427,375872997,70766183,CCC1=C(C2=C(N1)C=CC(=C2)CNC(=O)CC3=CN=C4N3C=CC=C4C)C,Active,32,,,Moderate,32.17,class = 0
428,375881590,70777500,CN(C)C1CCN(C1)CC2=C(N=C3C=C(C(=CC3=C2)OC)OC)C4=CC(=CC=C4)Cl,Active,100,,,High,243,class = 0
429,375856522,91916716,C1CN(CCC1CC2=NC(=NO2)C3=NC=CN=C3)C(=O)C4=CC5=C(C=C4)OCO5,Active,44,,,Moderate,43.97,class = 0
430,375874769,74244241,CC(C)(C#N)C1=CC=C(C=C1)C2=NC=C(C=C2)CN3CCN(CC3)C,Active,47,,,Moderate,47.3,class = 0
431,375844348,91890680,CCCCOC1=CC=C(C=C1)C(=O)N2CCC(CC2)C3=NNC(=O)N3C4=CC=C(C=C4)C,Active,100,,,High,>1000,class = 0
432,375861696,136665405,CCC1=CC(=CC=C1)NC(=O)C2=CC(=NN2)C3=CC=CN3,Active,90,,,Moderate,90.22,class = 0
433,375847692,136665409,COC1=C(C=C(C=C1)NC(=O)C2=CC(=NN2)C3=CC=CN3)OC,Active,100,,,High,203.05,class = 0
434,375857688,136665413,C1=CC(=CC(=C1)F)NC(=O)C2=CC(=NN2)C3=CC=CN3,Active,76,,,Moderate,75.63,class = 0
435,375845678,136665415,C1=CNC(=C1)C2=NNC(=C2)C(=O)NC3=C(C=C(C=C3)F)F,Active,100,,,High,166.14,class = 0
436,375847672,136665423,C1=CC(=CC(=C1)OC(F)(F)F)NC(=O)C2=CC(=NN2)C3=CC=CN3,Active,100,,,High,102.83,class = 0
437,375849698,136665425,CC1=C(C=C(C=C1)NC(=O)C2=CC(=NN2)C3=CC=CN3)F,Active,100,,,High,234.63,class = 0
438,375835083,91909359,C1=CC=C(C=C1)C2=NN3C(=NN=C3CNC(=O)CC4=CC=CS4)C=C2,Active,56,,,Moderate,55.91,class = 0
439,375832297,110196975,COCCNC(=O)[C@H]1C[C@@H](CN1CC2=CC3=C(C=C2)NC=C3)OC4=CC=CC=C4,Active,100,,,High,186.25,class = 0
440,375861246,110197656,CC1=C(C(=NO1)C)S(=O)(=O)N2CCC3(CC2)C4=C(CCN3)C5=C(N4)C=CC(=C5)OC,Active,100,,,High,160.58,class = 0
441,375863122,110202952,CC1=NOC(=N1)[C@@H]2CN(C[C@H]2CO)C(=O)C3=NN(C4=CC=CC=C43)C,Active,92,,,Moderate,91.55,class = 0
442,375851432,124050542,CC1=NOC(=N1)[C@@H]2CN(C[C@H]2COC)C(=O)C3=NNC4=CC=CC=C43,Active,38,,,Moderate,37.81,class = 0
443,375855233,124050558,CC1=NOC(=N1)[C@@H]2CN(C[C@H]2COC)C(=O)C3=NN(C4=CC=CC=C43)C,Active,65,,,Moderate,65.34,class = 0
444,375829491,91911826,CC1=C(C=C(C=C1)C(=O)NC2CCN(CC2)C3=CC(=O)N(N=C3)CC4CC4)C,Active,100,,,High,497.53,class = 0
445,375837494,91925560,COC1=CC=C(C=C1)C(=O)N[C@@H]2CCC[C@@H]2C(=O)N3CCC(CC3)CC4=CC=CC=C4,Active,100,,,High,>1000,class = 0
446,375853249,71959602,CCCN1C2=C(C=C(C=C2)NC(=O)C3=CC=CS3)S(=O)(=O)N=C1CC(C)C,Active,100,,,High,274.56,class = 0
447,375859106,71959588,CCCN1C2=C(C=C(C=C2)NC(=O)C3=CC=CO3)S(=O)(=O)N=C1CC(C)C,Active,100,,,High,238.65,class = 0
448,375841251,46058622,CCNC(=O)C1=COC(=N1)COC2=CC3=C(CCN(C3C4=CC=C(C=C4)F)C(=O)CC(C)C)C=C2,Active,100,,,High,>1000,class = 0
449,375853231,46059187,CCN(CC)C(=O)C1=COC(=N1)COC2=CC3=C(CCN(C3C4=CC(=CC=C4)F)C(=O)C(C)C)C=C2,Active,100,,,High,>1000,class = 0
450,375817816,137299399,C1CCC(CC1)CN2CCCC(C2)C3=NN(C(=O)N3)C4=CC=C(C=C4)Cl,Active,100,,,High,>1000,class = 0
451,375817885,137299434,COC1=CC=C(C=C1)C(=O)N2CCCC(C2)C3=NN(C(=O)N3)C4=CC=C(C=C4)OC,Active,100,,,High,254.76,class = 0
452,375817886,137299435,COC1=CC=C(C=C1)N2C(=O)NC(=N2)C3CCCN(C3)C(=O)CC4=CC=C(C=C4)F,Active,100,,,High,524.15,class = 0
453,375817968,137299474,COC1=CC=C(C=C1)N2C(=O)NC(=N2)C3CCCN(C3)C(=O)C4CC4,Active,100,,,High,108.61,class = 0
454,375817790,137299390,C1CN(CCC1C2=NN(C(=O)N2)C3=CC=C(C=C3)F)C(=O)C4=CC=CC=C4,Active,100,,,High,521.17,class = 0
455,375817855,137299421,COC1=CC=C(C=C1)N2C(=O)NC(=N2)C3CCN(CC3)C(=O)C4=CC=CC=C4,Active,100,,,High,250.02,class = 0
456,375817889,137299438,COC1=CC=C(C=C1)N2C(=O)NC(=N2)C3CCN(CC3)[S+](=O)(C4=CC=CC(=C4)C(F)(F)F)[O-],Active,100,,,High,433.92,class = 0
457,375817917,137299452,CC1=C(C(=NO1)C)[S+](=O)(N2CCC(CC2)C3=NN(C(=O)N3)C4=CC=C(C=C4)OC)[O-],Active,100,,,High,308.22,class = 0
458,375817948,137299467,COC1=CC=C(C=C1)N2C(=O)NC(=N2)C3CCN(CC3)C(=O)C4CC4,Active,100,,,High,130.36,class = 0
459,375817981,137299468,COC1=CC=C(C=C1)N2C(=O)NC(=N2)C3CCN(CC3)C(=O)CC4=CC=C(C=C4)F,Active,100,,,High,410.34,class = 0
460,375820357,137291230,COC1=CC=C(C=C1)N2C(=O)NC(=N2)C3CCCN(C3)CC4CCCCC4,Active,100,,,High,321.69,class = 0
461,375820358,137291231,COC1=CC=C(C=C1)N2C(=O)NC(=N2)C3CCCN(C3)C(=O)CC4=CC=CC=N4,Active,71,,,Moderate,71.43,class = 0
462,375818692,137299525,COC1=CC=C(C=C1)N2C(=O)NC(=N2)C3CCCN(C3)C(=O)C4=CC(=CC=C4)OC,Active,100,,,High,430.64,class = 0
463,375818693,137299526,COC1=CC=C(C=C1)N2C(=O)NC(=N2)C3CCCN(C3)C(=O)NC4=CC=CC=C4,Active,100,,,High,315.39,class = 0
464,375818818,137299529,COC1=CC=C(C=C1)N2C(=O)NC(=N2)C3CCCN(C3)[S+](=O)(C4=CC=CC(=C4)C(F)(F)F)[O-],Active,100,,,High,564.42,class = 0
465,375819053,137299536,CC1=CC=C(C=C1)C(=O)N2CCCC(C2)C3=NN(C(=O)N3)C4=CC=C(C=C4)OC,Active,100,,,High,602.95,class = 0
466,375819054,137299537,COC1=CC=C(C=C1)N2C(=O)NC(=N2)C3CCCN(C3)C(=O)C4=CC=CC=C4F,Active,100,,,High,341.38,class = 0
467,375816917,137299202,C1CC1C2=NC3=C(CCN(CC3)CC4=CC=C(C=C4)F)C(=N2)C5=CC=C(C=C5)O,Active,100,,,High,421.05,class = 0
468,375817303,137299235,C1CCC(CC1)CN2CCC3=C(CC2)N=C(N=C3C4=CC=C(C=C4)O)C5CC5,Active,100,,,High,189.98,class = 0
469,363681148,118170767,C[C@@H]1CN(S(=O)(=O)C2=CC=CC=C2O1)CC3=C(C=CC(=C3)[C@H](CC(=O)O)C4=CC5=C(C(=C4)OC)N(N=N5)C)C,Active,100,,,High,898.06,class = 0
470,363681205,72710568,CC1=C(SC(=N1)[C@@](C)(CO)O)C2=CC(=C(N=C2)N)O[C@H](C)C3=C(C=CC(=C3)F)N4N=CC=N4,Active,100,,,High,322.37,class = 0
471,363681262,5284645,C[C@H]1CCC[C@@H](CCC/C=C/C2=C(C(=CC(=C2)O)O)C(=O)O1)O,Active,100,,,High,795.2,class = 0
472,363681279,133053814,C[C@H]1C/C=C/C2[C@@H](C(=C)[C@H](C3[C@@]2([C@H](/C=C/[C@](C1)(C)O)OC(=O)C)C(=O)N[C@H]3CC4=CC=CC=C4)C)O,Active,55,,,Moderate,55,class = 0
473,375823984,134798059,CC1=CC=C(C=C1)C(=O)N2CCN(CC2)C3=NC=CC(=N3)NC4=CC=CC=C4OC,Active,100,,,High,>1000,class = 0
474,375824087,134798255,COC1=CC=CC=C1NC2=NC(=NC=C2)N3CCN(CC3)C(=O)C4=CC=C(C=C4)F,Active,100,,,High,853.05,class = 0
475,375824392,134799894,CC(C)(C)C(=O)N1CCN(CC1)C2=NC=CC(=N2)NC3=CC=CC=C3Cl,Active,100,,,High,895.14,class = 0
476,375824425,134797955,COC1=CC=CC=C1NC2=NC(=NC=C2)N3CCN(CC3)C(=O)C4=CC=CC=C4Cl,Active,36,,,Moderate,35.83,class = 0
477,376241546,11740730,CN1C(=O)C2=C[C@]3([C@@H](N2C(=O)C1=O)NC4=CC=CC=C43)C5=CNC6=CC=CC=C65,Active,100,,,High,986.22,class = 0
478,384569289,118873492,C1=CC(=CC(=C1)S(=O)(=O)NC2=C3C(=C(C=C2)C4=CN=CC=C4)C=CC=N3)C(F)(F)F,Active,100,,,High,>1000,class = 0
479,384569290,57336276,CC1=C(C(=NO1)C2=CC=C(C=C2)F)COC3=NC=C(C=C3)C(=O)N4CCS(=O)(=O)CC4,Active,100,,,High,290.67,class = 0
480,384569302,81689696,C[C@@]1(C2=C(C=C(C=C2)C3=CNN=C3)C(=O)N1)C4=NC=NC=C4F,Active,100,,,High,>1000,class = 0
481,375825070,134796226,C1CC(N(C1)C(=O)C2=CC=CC(=C2)C3=CC=CC=N3)C(=O)NC4CC4,Active,77,,,Moderate,76.52,class = 0
482,375828433,134801672,CC1=CC=CC=C1C(=O)NC2CCN(CC2)C3=NN4C(=NN=C4C5CC5)C=C3,Active,35,,,Moderate,35.05,class = 0
483,384569357,123132228,CS(=O)(=O)C1=CC=C(C=C1)C2=CN=C(N3C2=NN=C3)NCC4=CC=CO4,Active,14,,,Moderate,13.61,class = 0
484,384569358,71090129,CC(C)N1C=C(C2=C(C=CN=C21)NS(=O)(=O)C3=NN(C=C3)C)C4=CC5=C(CCN5C)C=C4,Active,100,,,High,>1000,class = 0
485,384569392,72165228,C1CN(C[C@@H]1O)C2=C(C=C(C=N2)C(=O)NC3=CC=C(C=C3)OC(F)(F)Cl)C4=CC=NN4,Active,17,,,Moderate,16.81,class = 0
486,384569537,90479372,CN(CC1=CC=C(C=C1)/C=C/C(=O)NO)CC23CC4CC(C2)CC(C4)C3,Active,100,,,High,108.21,class = 0
